Data Source,Health Nutrition and Population Statistics,,,,,,,,,,,,,,,,,,,,,,,,,,,
,,,,,,,,,,,,,,,,,,,,,,,,,,,,
Last Updated Date,9/25/2019,,,,,,,,,,,,,,,,,,,,,,,,,,,
,,,,,,,,,,,,,,,,,,,,,,,,,,,,
Country Name,Country Code,Indicator Name,Indicator Code,1960,1995,1996,1997,1998,1999,2000,2001,2002,2003,2004,2005,2006,2007,2008,2009,2010,2011,2012,2013,2014,2015,2016,2017,2018
Aruba,ABW,"Age at first marriage, male",SP.DYN.SMAM.MA,,,,,,,29.9,,,,,,,,,,31.2,,,,,,,,
Afghanistan,AFG,"Age at first marriage, male",SP.DYN.SMAM.MA,,,,,,,,,,,,,,,25.3,,,,,,,,,,
Angola,AGO,"Age at first marriage, male",SP.DYN.SMAM.MA,,,,,,,,24.1,,,,,,,,,,,,,,,,,
Albania,ALB,"Age at first marriage, male",SP.DYN.SMAM.MA,,,,,,,28.5,27.3,26.9,,,,,,28.8,,,29.2,,,,,,,
Andorra,AND,"Age at first marriage, male",SP.DYN.SMAM.MA,,,,,,,,,,,,,,,,,,,,,,,,,
Arab World,ARB,"Age at first marriage, male",SP.DYN.SMAM.MA,,,,,,,,,,,,,,,,,,,,,,,,,
United Arab Emirates,ARE,"Age at first marriage, male",SP.DYN.SMAM.MA,,26.6,,,,,,,,,,26.8,,,,,,,,,,,,,
Argentina,ARG,"Age at first marriage, male",SP.DYN.SMAM.MA,,,,,,,,26.9,,,,,,,,,26.6,,,,,,,,
Armenia,ARM,"Age at first marriage, male",SP.DYN.SMAM.MA,,,,,,,26.1,27.2,,,,27,,,,,27.8,28.3,,,,,,,
American Samoa,ASM,"Age at first marriage, male",SP.DYN.SMAM.MA,,,,,,,,,,,,,,,,,,,,,,,,,
Antigua and Barbuda,ATG,"Age at first marriage, male",SP.DYN.SMAM.MA,32.3,,,,,,,29.3,,,,,,,,,,,,,,,,,
Australia,AUS,"Age at first marriage, male",SP.DYN.SMAM.MA,,,29.9,30.2,,30.7,,31,,,,,31.6,,,,,31.4,,,,,,,
Austria,AUT,"Age at first marriage, male",SP.DYN.SMAM.MA,,,,,,,,29.5,,,,,,,,,,29.8,,,,,,,
Azerbaijan,AZE,"Age at first marriage, male",SP.DYN.SMAM.MA,,,,,,27,27.3,,,,,,26.7,,,28.2,,,28.2,28.2,28.2,,,,
Burundi,BDI,"Age at first marriage, male",SP.DYN.SMAM.MA,,,,,,,26.2,,26.1,,,,,,24.6,,25.4,,,,,,,,
Belgium,BEL,"Age at first marriage, male",SP.DYN.SMAM.MA,,,,,,31.2,30.7,30.9,,,32,,32.2,32.6,,33,,28.6,,,,,,,
Benin,BEN,"Age at first marriage, male",SP.DYN.SMAM.MA,,,,,,,,26.2,26.3,,,,25.3,,,,,,26.2,,,,,,
Burkina Faso,BFA,"Age at first marriage, male",SP.DYN.SMAM.MA,,,26.6,,,26.4,,,,26.1,,,26.4,,,,25.3,,,,,,,,
Bangladesh,BGD,"Age at first marriage, male",SP.DYN.SMAM.MA,,,,,,,,25.3,,,25.6,,,25.6,,,,25.2,,,,,,,
Bulgaria,BGR,"Age at first marriage, male",SP.DYN.SMAM.MA,,,,,,,,27.5,,,,,,,,,,29.8,,,34.9,,,,
Bahrain,BHR,"Age at first marriage, male",SP.DYN.SMAM.MA,,29.6,,,,,,30,,,,,,,,,,,,,,,,,
"Bahamas, The",BHS,"Age at first marriage, male",SP.DYN.SMAM.MA,,,,,,,29.9,,,,,,,,,,30.6,,,,,,,,
Bosnia and Herzegovina,BIH,"Age at first marriage, male",SP.DYN.SMAM.MA,,,,,,,28,,,,29.3,,,,,,,,29.4,,,,,,
Belarus,BLR,"Age at first marriage, male",SP.DYN.SMAM.MA,,,,,,25.4,,,,,,,,,,26.9,,,24.8,,,,,,
Belize,BLZ,"Age at first marriage, male",SP.DYN.SMAM.MA,,,,,,,23.7,,,,,,,,,,30.1,,,,,,,,
Bermuda,BMU,"Age at first marriage, male",SP.DYN.SMAM.MA,,,,,,,31.3,,,,,,,,,,31.5,,,,,,,,
Bolivia,BOL,"Age at first marriage, male",SP.DYN.SMAM.MA,,,,,25.4,,24.5,25.8,,24.5,,,,,25.3,,,,26.6,,,,,,
Brazil,BRA,"Age at first marriage, male",SP.DYN.SMAM.MA,26,,25.4,,,,26.2,,,,,,,,,,31.9,,,,,,,,
Barbados,BRB,"Age at first marriage, male",SP.DYN.SMAM.MA,,,,,,,,,,,,,,,,,,,,,,,,,
Brunei Darussalam,BRN,"Age at first marriage, male",SP.DYN.SMAM.MA,,,,,,,,28.4,,,,,,,,,,,,,,,,,
Bhutan,BTN,"Age at first marriage, male",SP.DYN.SMAM.MA,,,,,,,,,,,,25.4,,25.4,,,,,,,,,,,
Botswana,BWA,"Age at first marriage, male",SP.DYN.SMAM.MA,,,,,36.9,,,30.9,,,,,,,,,,,,,,,,,
Central African Republic,CAF,"Age at first marriage, male",SP.DYN.SMAM.MA,,,,,,,24.8,,,,,,,,,,21.7,,,,,,,,
Canada,CAN,"Age at first marriage, male",SP.DYN.SMAM.MA,,29.3,28.5,29.1,29.1,29.3,29.4,28.7,29.6,29.3,29.4,,28.6,,,,,28.6,,,,,,,
Central Europe and the Baltics,CEB,"Age at first marriage, male",SP.DYN.SMAM.MA,,,,,,,,,,,,,,,,,,,,,,,,,
Switzerland,CHE,"Age at first marriage, male",SP.DYN.SMAM.MA,,30.2,30.3,,30.7,,31.1,31.6,,32.1,,32.4,32.1,32.7,32.5,32.7,,29.7,33.2,,32.8,,,,
Channel Islands,CHI,"Age at first marriage, male",SP.DYN.SMAM.MA,,,,,,,,31.3,,,,,,,,,,,,,,,,,
Chile,CHL,"Age at first marriage, male",SP.DYN.SMAM.MA,,,,,,,,,27.7,,,,28.9,,,,,29.3,,,,,,,
China,CHN,"Age at first marriage, male",SP.DYN.SMAM.MA,,24.2,,,,,25.1,,,,,25.6,,,,,26.5,,,26.2,,,,,
Cote d'Ivoire,CIV,"Age at first marriage, male",SP.DYN.SMAM.MA,,,,,28.5,28,29.1,,,,,,,,,,,,28,,,,,,
Cameroon,CMR,"Age at first marriage, male",SP.DYN.SMAM.MA,,,,,26.7,,28.1,,,,25,27.7,,,,,,27.2,,,,,,,
"Congo, Dem. Rep.",COD,"Age at first marriage, male",SP.DYN.SMAM.MA,,,,,,,,26.2,,,,,,25.2,,,,,,,25.5,,,,
"Congo, Rep.",COG,"Age at first marriage, male",SP.DYN.SMAM.MA,,,,,,,,,,,,25.8,,,,27.5,,,26.9,,,,,,
Colombia,COL,"Age at first marriage, male",SP.DYN.SMAM.MA,,26.8,,,,,27,,,,,26.9,26.5,,,,26.8,,,,,,,,
Comoros,COM,"Age at first marriage, male",SP.DYN.SMAM.MA,,,28.5,,,,26.8,,,,,,,,,,,,25.5,,,,,,
Cabo Verde,CPV,"Age at first marriage, male",SP.DYN.SMAM.MA,27.6,,,,28.4,,28.8,,,,,27.9,,,,,,,,,,,,,
Costa Rica,CRI,"Age at first marriage, male",SP.DYN.SMAM.MA,,,,,,,26,,,26.9,,,27,27.6,,27.9,27.8,27,,29.1,28.8,,,,
Caribbean small states,CSS,"Age at first marriage, male",SP.DYN.SMAM.MA,,,,,,,,,,,,,,,,,,,,,,,,,
Cuba,CUB,"Age at first marriage, male",SP.DYN.SMAM.MA,,,,,,,,,25.3,,,,,,,,,,25.4,,,,,,
Curacao,CUW,"Age at first marriage, male",SP.DYN.SMAM.MA,,,,,,,,,,,,,,,,,,,,,,,,,
Cayman Islands,CYM,"Age at first marriage, male",SP.DYN.SMAM.MA,,,,,,,,,,,,,,,,,29.9,,,,,,,,
Cyprus,CYP,"Age at first marriage, male",SP.DYN.SMAM.MA,,,,,,,,28.7,,,,,,,,,,29.3,,,,,,,
Czech Republic,CZE,"Age at first marriage, male",SP.DYN.SMAM.MA,,26.4,26.8,,,,,28.6,29.2,,30.1,30.5,30.9,31.2,31.6,32.1,,31.1,32.9,33.3,33.7,,,,
Germany,DEU,"Age at first marriage, male",SP.DYN.SMAM.MA,,,,,,,,32.6,,,33.3,,33.6,,,,,29.8,34.2,34.2,,,,,
Djibouti,DJI,"Age at first marriage, male",SP.DYN.SMAM.MA,,,,,,,,,30.8,,,,,,,,,,,,,,,,
Dominica,DMA,"Age at first marriage, male",SP.DYN.SMAM.MA,,,,,,,,36.5,,,,,,,,,,,,,,,,,
Denmark,DNK,"Age at first marriage, male",SP.DYN.SMAM.MA,,27.7,27.7,27.7,,,,32.9,32.8,32.9,32.8,32.8,32.8,32.8,32.7,32.7,32.7,27.4,33,33.2,33.3,,,,
Dominican Republic,DOM,"Age at first marriage, male",SP.DYN.SMAM.MA,,,25.5,,,24.3,,,26.1,,,,,25.4,,,25.6,,,24.8,,,,,
Algeria,DZA,"Age at first marriage, male",SP.DYN.SMAM.MA,,,,,,,,,33,,,,33.4,,32.9,,,,,,,,,,
East Asia & Pacific (excluding high income),EAP,"Age at first marriage, male",SP.DYN.SMAM.MA,,,,,,,,,,,,,,,,,,,,,,,,,
Early-demographic dividend,EAR,"Age at first marriage, male",SP.DYN.SMAM.MA,,,,,,,,,,,,,,,,,,,,,,,,,
East Asia & Pacific,EAS,"Age at first marriage, male",SP.DYN.SMAM.MA,,,,,,,,,,,,,,,,,,,,,,,,,
Europe & Central Asia (excluding high income),ECA,"Age at first marriage, male",SP.DYN.SMAM.MA,,,,,,,,,,,,,,,,,,,,,,,,,
Europe & Central Asia,ECS,"Age at first marriage, male",SP.DYN.SMAM.MA,,,,,,,,,,,,,,,,,,,,,,,,,
Ecuador,ECU,"Age at first marriage, male",SP.DYN.SMAM.MA,,,,,,,,24.6,,,,,,,,,25,,,,,,,,
"Egypt, Arab Rep.",EGY,"Age at first marriage, male",SP.DYN.SMAM.MA,,28.1,27,,,,28.2,,,28.3,,28,26.9,,27.7,,,,,,27.5,,,,
Euro area,EMU,"Age at first marriage, male",SP.DYN.SMAM.MA,,,,,,,,,,,,,,,,,,,,,,,,,
Eritrea,ERI,"Age at first marriage, male",SP.DYN.SMAM.MA,,25.3,,,,,,,,,,,,,,,,,,,,,,,
Spain,ESP,"Age at first marriage, male",SP.DYN.SMAM.MA,,,,,,,,31.6,,,,,,,,,,30.3,,,,,,,
Estonia,EST,"Age at first marriage, male",SP.DYN.SMAM.MA,,,,,,,26.7,,,,,,,,,,,,28.6,,35.2,,,,
Ethiopia,ETH,"Age at first marriage, male",SP.DYN.SMAM.MA,,,,,,,25.8,,,,,25.7,,25.2,,,,25.7,,,,,,,
European Union,EUU,"Age at first marriage, male",SP.DYN.SMAM.MA,,,,,,,,,,,,,,,,,,,,,,,,,
Fragile and conflict affected situations,FCS,"Age at first marriage, male",SP.DYN.SMAM.MA,,,,,,,,,,,,,,,,,,,,,,,,,
Finland,FIN,"Age at first marriage, male",SP.DYN.SMAM.MA,,31.6,31.9,32.1,32.2,,32.4,,,32.4,32.4,32.3,32.3,32.2,32.1,32,31.9,31.9,31.9,31.9,,,,,
Fiji,FJI,"Age at first marriage, male",SP.DYN.SMAM.MA,,,26.1,,,,,,,,,,,27.7,,,,,,,,,,,
France,FRA,"Age at first marriage, male",SP.DYN.SMAM.MA,,,,,,32.2,32.3,32.6,,32.9,,33,,,,33.4,,27.7,33.6,,,,,,
Faroe Islands,FRO,"Age at first marriage, male",SP.DYN.SMAM.MA,,,,,,,,32.5,,,,,,,33.5,,,,,33.6,33.6,,,,
"Micronesia, Fed. Sts.",FSM,"Age at first marriage, male",SP.DYN.SMAM.MA,,,,,,,,,,,,,,,,,,,,,,,,,
Gabon,GAB,"Age at first marriage, male",SP.DYN.SMAM.MA,25.5,,,,,,26.2,,,,,,,,,,,,27.8,,,,,,
United Kingdom,GBR,"Age at first marriage, male",SP.DYN.SMAM.MA,,,,30.8,,,,28.1,,,,,,,,33.2,33.3,28.7,,,,,,,
Georgia,GEO,"Age at first marriage, male",SP.DYN.SMAM.MA,,,,,,,,,28,,,,,,,,,,,,,,,,
Ghana,GHA,"Age at first marriage, male",SP.DYN.SMAM.MA,26.2,,,,26.6,,27.1,,,26.6,,,,,27.7,,28.6,27.9,,,28.7,,,,
Gibraltar,GIB,"Age at first marriage, male",SP.DYN.SMAM.MA,,,,,,,,29.3,,,,,,,,,,,,,,,,,
Guinea,GIN,"Age at first marriage, male",SP.DYN.SMAM.MA,,,28.4,,,27.7,,,,,,26.3,,,,,,,27.9,,,,,,
"Gambia, The",GMB,"Age at first marriage, male",SP.DYN.SMAM.MA,,,,,,,29,,,30.8,,,,,,,,,,29.7,,,,,
Guinea-Bissau,GNB,"Age at first marriage, male",SP.DYN.SMAM.MA,28,,,,,,28.1,,,,,,,,,,,,,,,,,,
Equatorial Guinea,GNQ,"Age at first marriage, male",SP.DYN.SMAM.MA,,,,,,,28.6,,,,,,,,,,,26.1,,,,,,,
Greece,GRC,"Age at first marriage, male",SP.DYN.SMAM.MA,,,,,,,,31.3,,,,,,,,,,32.8,,,,,,,
Grenada,GRD,"Age at first marriage, male",SP.DYN.SMAM.MA,,,,,,,,,,,,,,,,,,,,,,,,,
Greenland,GRL,"Age at first marriage, male",SP.DYN.SMAM.MA,,,,33.7,33.7,33.5,33.1,,,,,,,,,33.7,33.7,33.8,33.9,34,34.1,,,,
Guatemala,GTM,"Age at first marriage, male",SP.DYN.SMAM.MA,,,,,,,,,,,,,,,,,,,,,,,,,
Guam,GUM,"Age at first marriage, male",SP.DYN.SMAM.MA,19.7,,,,,,,,,,,,,,,,,,,,,,,,
Guyana,GUY,"Age at first marriage, male",SP.DYN.SMAM.MA,,,,,,,27.2,,26.5,,,26.2,,,,25.4,,,,,,,,,
High income,HIC,"Age at first marriage, male",SP.DYN.SMAM.MA,,,,,,,,,,,,,,,,,,,,,,,,,
"Hong Kong SAR, China",HKG,"Age at first marriage, male",SP.DYN.SMAM.MA,,,30.7,,,,,31.6,,,,,32.8,,,,,32.7,,,,,,,
Honduras,HND,"Age at first marriage, male",SP.DYN.SMAM.MA,,,,,,,,24.7,,,,,,,,,,,24.1,,,,,,
Heavily indebted poor countries (HIPC),HPC,"Age at first marriage, male",SP.DYN.SMAM.MA,,,,,,,,,,,,,,,,,,,,,,,,,
Croatia,HRV,"Age at first marriage, male",SP.DYN.SMAM.MA,,,,,,,,29.8,,,,,,,,,,30.2,,,,,,,
Haiti,HTI,"Age at first marriage, male",SP.DYN.SMAM.MA,,,,,,,27.2,,,29.1,,,27.5,,,,,,28.3,,,,,,
Hungary,HUN,"Age at first marriage, male",SP.DYN.SMAM.MA,,27.5,27.8,28.2,28.5,28.3,29.3,28.7,30.3,30.6,31,31.3,31.7,32,32.4,32.8,33.3,30.5,34,,,,,,
Indonesia,IDN,"Age at first marriage, male",SP.DYN.SMAM.MA,,25.8,,25.8,,,25.9,,,25.9,,27,,26.9,,,25.7,,,,,,,,
Isle of Man,IMN,"Age at first marriage, male",SP.DYN.SMAM.MA,,,,,,,,31.2,,,,,,,,,,32.8,,,,,,,
India,IND,"Age at first marriage, male",SP.DYN.SMAM.MA,,,,,,24.9,,24.8,,,,,25.3,,,,,24.9,,,,,,,
Not classified,INX,"Age at first marriage, male",SP.DYN.SMAM.MA,,,,,,,,,,,,,,,,,,,,,,,,,
Ireland,IRL,"Age at first marriage, male",SP.DYN.SMAM.MA,,,30,,,30.9,,,31.9,,,32.4,32.4,,,,,29.7,,,,,,,
"Iran, Islamic Rep.",IRN,"Age at first marriage, male",SP.DYN.SMAM.MA,,,25.3,,,,,,,,,,26.4,,,,,26.8,,,,,,,
Iraq,IRQ,"Age at first marriage, male",SP.DYN.SMAM.MA,,,,26.9,,,27.9,,,,28.2,,,,,,,,,,,,,,
Iceland,ISL,"Age at first marriage, male",SP.DYN.SMAM.MA,,32.5,32.9,28.2,28.5,28.9,,,,,,29.6,29.7,29.7,29.6,29.7,29.8,29.6,29.9,30,,,,,
Israel,ISR,"Age at first marriage, male",SP.DYN.SMAM.MA,,27.6,,,,27.9,28,,28.3,28.8,28.5,28.6,28.7,28.8,28.8,29.1,29.2,29.2,29.2,,,,,,
Italy,ITA,"Age at first marriage, male",SP.DYN.SMAM.MA,,,,,,31.5,31.8,32,32.4,,32.7,,33.3,33.5,32,33.8,34,32.4,34.3,34.5,34.6,,,,
Jamaica,JAM,"Age at first marriage, male",SP.DYN.SMAM.MA,,,,,,,,34.8,,,,,,,,,,,,,,,,,
Jordan,JOR,"Age at first marriage, male",SP.DYN.SMAM.MA,,,,28.6,,,,,29.4,,28.6,,,29.5,,29.2,,,29.8,,,,,,
Japan,JPN,"Age at first marriage, male",SP.DYN.SMAM.MA,,30.7,,,,,30.8,,,,,31.1,,,,,31.2,,,,,,,,
Kazakhstan,KAZ,"Age at first marriage, male",SP.DYN.SMAM.MA,,,,,,26.1,,,,,,,,,,28.1,,26.3,,,,,,,
Kenya,KEN,"Age at first marriage, male",SP.DYN.SMAM.MA,,,,,26.3,26.4,25.2,,,26.3,,,,,26.6,26.9,,,,,,,,,
Kyrgyz Republic,KGZ,"Age at first marriage, male",SP.DYN.SMAM.MA,,,,,,25,,,,,,,,,,26.3,,,25.5,,,,,,
Cambodia,KHM,"Age at first marriage, male",SP.DYN.SMAM.MA,,,,,24.2,,,,,,24.6,24.4,,,25.6,,24.9,,,,,,,,
Kiribati,KIR,"Age at first marriage, male",SP.DYN.SMAM.MA,,24.8,,,,,,,,,,24.7,,,,24.4,24.1,,,,,,,,
St. Kitts and Nevis,KNA,"Age at first marriage, male",SP.DYN.SMAM.MA,,,,,,,,,,,,,,,,,,,,,,,,,
"Korea, Rep.",KOR,"Age at first marriage, male",SP.DYN.SMAM.MA,,29.3,,,,,30.3,,,,,32,,,,,,,,,,,,,
Kuwait,KWT,"Age at first marriage, male",SP.DYN.SMAM.MA,,28.5,27.6,,,,,,,,,28.9,,,,,,,,,,,,,
Latin America & Caribbean (excluding high income),LAC,"Age at first marriage, male",SP.DYN.SMAM.MA,,,,,,,,,,,,,,,,,,,,,,,,,
Lao PDR,LAO,"Age at first marriage, male",SP.DYN.SMAM.MA,,23.9,,,,,23.2,,,,,24.7,,,,,,,23.3,,,,,,
Lebanon,LBN,"Age at first marriage, male",SP.DYN.SMAM.MA,,,,31.4,,,,,,,32.6,,,32.3,,,,,,,,,,,
Liberia,LBR,"Age at first marriage, male",SP.DYN.SMAM.MA,,,,,,,,,,,,,,25.3,27.2,,,,,26.4,,,,,
Libya,LBY,"Age at first marriage, male",SP.DYN.SMAM.MA,,32,,,,,,,,,,,33.9,,,,,,,,,,,,
St. Lucia,LCA,"Age at first marriage, male",SP.DYN.SMAM.MA,,,,,,,,27.7,,,,,,,,,,,,,,,,,
Latin America & Caribbean,LCN,"Age at first marriage, male",SP.DYN.SMAM.MA,,,,,,,,,,,,,,,,,,,,,,,,,
Least developed countries: UN classification,LDC,"Age at first marriage, male",SP.DYN.SMAM.MA,,,,,,,,,,,,,,,,,,,,,,,,,
Low income,LIC,"Age at first marriage, male",SP.DYN.SMAM.MA,,,,,,,,,,,,,,,,,,,,,,,,,
Liechtenstein,LIE,"Age at first marriage, male",SP.DYN.SMAM.MA,27.2,,,30.6,,,31,,,31.4,31.6,31.8,32.1,32.3,32.4,32.5,32.6,32.6,,,,,,,
Sri Lanka,LKA,"Age at first marriage, male",SP.DYN.SMAM.MA,,,,,,,,27.6,,,,,,,,,,,,,,,,,
Lower middle income,LMC,"Age at first marriage, male",SP.DYN.SMAM.MA,,,,,,,,,,,,,,,,,,,,,,,,,
Low & middle income,LMY,"Age at first marriage, male",SP.DYN.SMAM.MA,,,,,,,,,,,,,,,,,,,,,,,,,
Lesotho,LSO,"Age at first marriage, male",SP.DYN.SMAM.MA,,,27,,,,26.7,27.7,26.2,,27.2,,27.6,,,27,,28.5,,,,,,,
Late-demographic dividend,LTE,"Age at first marriage, male",SP.DYN.SMAM.MA,,,,,,,,,,,,,,,,,,,,,,,,,
Lithuania,LTU,"Age at first marriage, male",SP.DYN.SMAM.MA,,,,,,,,26.9,,,,28.6,28.8,29.4,29.7,29.8,30.8,28.9,,31.9,32.7,,,,
Luxembourg,LUX,"Age at first marriage, male",SP.DYN.SMAM.MA,,,,,,,,30.6,,,,,,,,,,30.4,,,,,,,
Latvia,LVA,"Age at first marriage, male",SP.DYN.SMAM.MA,,,,,,,28.6,,29.5,,,30.4,30.7,31,31.2,31.5,31.9,30,,32.8,33,,,,
"Macao SAR, China",MAC,"Age at first marriage, male",SP.DYN.SMAM.MA,,,,,,,,29.5,,,,,29.8,,,,,32.7,,,,,,,
St. Martin (French part),MAF,"Age at first marriage, male",SP.DYN.SMAM.MA,,,,,,,,,,,,,,,,,,,,,,,,,
Morocco,MAR,"Age at first marriage, male",SP.DYN.SMAM.MA,,,,30.1,,,,,,,31.2,,,,,,,31.2,,,,,,,
Monaco,MCO,"Age at first marriage, male",SP.DYN.SMAM.MA,,,,,,,32.5,,,,,,,,33.4,,,,,,,,,,
Moldova,MDA,"Age at first marriage, male",SP.DYN.SMAM.MA,,,,,,,25.4,,,,27.1,25.4,,,,,,,25.7,,,,,,
Madagascar,MDG,"Age at first marriage, male",SP.DYN.SMAM.MA,,,,,,,23.9,,,,24.1,,,,22.4,,,,,,,,,,
Maldives,MDV,"Age at first marriage, male",SP.DYN.SMAM.MA,,24,,,,,25.7,,,,,,26.4,,,,,,,,,,,,
Middle East & North Africa,MEA,"Age at first marriage, male",SP.DYN.SMAM.MA,,,,,,,,,,,,,,,,,,,,,,,,,
Mexico,MEX,"Age at first marriage, male",SP.DYN.SMAM.MA,,25.1,,,,,25,,,,,,,,,26.6,25.5,,,,,,,,
Marshall Islands,MHL,"Age at first marriage, male",SP.DYN.SMAM.MA,,,,,,25.2,,,,,,,,23.5,,,,,,,,,,,
Middle income,MIC,"Age at first marriage, male",SP.DYN.SMAM.MA,,,,,,,,,,,,,,,,,,,,,,,,,
North Macedonia,MKD,"Age at first marriage, male",SP.DYN.SMAM.MA,,,,,,,,,,,,,,,,,,,,,,,,,
Mali,MLI,"Age at first marriage, male",SP.DYN.SMAM.MA,,,25.8,,28.2,,,25.9,,,,,24,,,27.6,,,,25.9,,,,,
Malta,MLT,"Age at first marriage, male",SP.DYN.SMAM.MA,,26.4,,,,,,,,,,28.2,,,30.9,30.4,31,30.3,,,,,,,
Myanmar,MMR,"Age at first marriage, male",SP.DYN.SMAM.MA,,,,,,,26.9,,,,,,,27.7,,,,,,,26.1,,,,
Middle East & North Africa (excluding high income),MNA,"Age at first marriage, male",SP.DYN.SMAM.MA,,,,,,,,,,,,,,,,,,,,,,,,,
Montenegro,MNE,"Age at first marriage, male",SP.DYN.SMAM.MA,,,,,,,,,,30.7,,,,,,,,31.1,,29.7,,,,,
Mongolia,MNG,"Age at first marriage, male",SP.DYN.SMAM.MA,,,,,,,25.7,,,,,,,,,,26.2,,,,,,,,
Northern Mariana Islands,MNP,"Age at first marriage, male",SP.DYN.SMAM.MA,,,,,,,,,,,,,,,,,,,,,,,,,
Mozambique,MOZ,"Age at first marriage, male",SP.DYN.SMAM.MA,22.9,,,22.8,,,,,,,,,,23.3,,22.8,,22.9,,,,,,,
Mauritania,MRT,"Age at first marriage, male",SP.DYN.SMAM.MA,,,,,,,28.3,29.4,,,,,,,,,,,,,,,,,
Mauritius,MUS,"Age at first marriage, male",SP.DYN.SMAM.MA,,,,,,,28.5,,,,,,,,,,,29.2,,,,,,,
Malawi,MWI,"Age at first marriage, male",SP.DYN.SMAM.MA,,,26.4,,23.4,,23.5,,,,23.6,,,,23.9,,23.9,,,,24.6,,,,
Malaysia,MYS,"Age at first marriage, male",SP.DYN.SMAM.MA,,,,,,,28.6,,,,,,,,,,28,,,,,,,,
North America,NAC,"Age at first marriage, male",SP.DYN.SMAM.MA,,,,,,,,,,,,,,,,,,,,,,,,,
Namibia,NAM,"Age at first marriage, male",SP.DYN.SMAM.MA,27.8,,,,,,30.1,32.2,,,,,30.2,,,,,32.8,,32.2,,,,,
New Caledonia,NCL,"Age at first marriage, male",SP.DYN.SMAM.MA,,,32.5,,,,,,,,33.7,,,,,,,,,,,,,,
Niger,NER,"Age at first marriage, male",SP.DYN.SMAM.MA,,,,,23.9,,24.8,24.4,,,,,25.1,,,,,,25,,,,,,
Nigeria,NGA,"Age at first marriage, male",SP.DYN.SMAM.MA,,,,,,,,,,28,,,28.6,,28.5,,,,,28.6,,,,,
Nicaragua,NIC,"Age at first marriage, male",SP.DYN.SMAM.MA,,23.7,,,22.6,22.6,,25.1,,,,24.4,,,,,,,,,,,,,
Netherlands,NLD,"Age at first marriage, male",SP.DYN.SMAM.MA,,30.8,31.2,31.5,31.9,,,32.3,,32.5,,33,33.2,33.4,33.6,33.7,33.8,28.7,,,,,,,
Norway,NOR,"Age at first marriage, male",SP.DYN.SMAM.MA,,,32.5,32.8,33,33.3,33.7,29.4,33.8,,33.9,34,34,34,34,33.9,33.9,29.1,33.8,,33.8,,,,
Nepal,NPL,"Age at first marriage, male",SP.DYN.SMAM.MA,,,22,,,,,23,,,,,22.4,,,,,23.8,,,,,,,
Nauru,NRU,"Age at first marriage, male",SP.DYN.SMAM.MA,,,,,,,,,,,,,,,,,,,,,,,,,
New Zealand,NZL,"Age at first marriage, male",SP.DYN.SMAM.MA,,,27.2,,,,,31.7,,,,,32,,,,,,,,,,,,
OECD members,OED,"Age at first marriage, male",SP.DYN.SMAM.MA,,,,,,,,,,,,,,,,,,,,,,,,,
Oman,OMN,"Age at first marriage, male",SP.DYN.SMAM.MA,,25.9,,,,,,,,28.1,,,,,,,27.7,,,,,,,,
Other small states,OSS,"Age at first marriage, male",SP.DYN.SMAM.MA,,,,,,,,,,,,,,,,,,,,,,,,,
Pakistan,PAK,"Age at first marriage, male",SP.DYN.SMAM.MA,,,,25.6,25.8,,,27.1,,26.4,,26.4,,26.9,,,,,,,,,,,
Panama,PAN,"Age at first marriage, male",SP.DYN.SMAM.MA,,,,,,,25.8,,,,,,,,,,25.3,,,,,,,,
Peru,PER,"Age at first marriage, male",SP.DYN.SMAM.MA,,,26.5,,,,,,,,,28.2,,26.6,28.2,27.5,27.8,28,27.5,,,,,,
Philippines,PHL,"Age at first marriage, male",SP.DYN.SMAM.MA,,26.6,,,,27,,,,26.1,,,,27,,,26.9,,,,,,,,
Palau,PLW,"Age at first marriage, male",SP.DYN.SMAM.MA,,29.1,,,,,,,,,,28.9,,,,,,,,,,,,,
Papua New Guinea,PNG,"Age at first marriage, male",SP.DYN.SMAM.MA,,,,,,,,,,,,,25,,,,,,,,,,,,
Poland,POL,"Age at first marriage, male",SP.DYN.SMAM.MA,,,27.4,27.6,27.8,28,,,28,,,,,,,,,28.7,,,,,,,
Pre-demographic dividend,PRE,"Age at first marriage, male",SP.DYN.SMAM.MA,,,,,,,,,,,,,,,,,,,,,,,,,
Puerto Rico,PRI,"Age at first marriage, male",SP.DYN.SMAM.MA,,,,,,,26.2,,,,,,,,,,,,,,,,,,
"Korea, Dem. People’s Rep.",PRK,"Age at first marriage, male",SP.DYN.SMAM.MA,,,,,,,,,,,,,,,29,,,,,,,,,,
Portugal,PRT,"Age at first marriage, male",SP.DYN.SMAM.MA,,,,,,,,28.3,,,,,,,,,,32.2,,,,,,,
Paraguay,PRY,"Age at first marriage, male",SP.DYN.SMAM.MA,,,,,,,,,26.8,,,,,,,,,,,,,,,,
West Bank and Gaza,PSE,"Age at first marriage, male",SP.DYN.SMAM.MA,,,25.3,24.9,,,26.9,,,,,,,26.6,,,27.8,,,,,,,,
Pacific island small states,PSS,"Age at first marriage, male",SP.DYN.SMAM.MA,,,,,,,,,,,,,,,,,,,,,,,,,
Post-demographic dividend,PST,"Age at first marriage, male",SP.DYN.SMAM.MA,,,,,,,,,,,,,,,,,,,,,,,,,
French Polynesia,PYF,"Age at first marriage, male",SP.DYN.SMAM.MA,,,32.1,,,,,,,,,,,35.5,,,,,,,,,,,
Qatar,QAT,"Age at first marriage, male",SP.DYN.SMAM.MA,,,,27.7,28.7,,,,,,27.6,,,,,,27.3,,,,,,,,
Romania,ROU,"Age at first marriage, male",SP.DYN.SMAM.MA,,26.2,,26.6,27.1,,,,28.6,28.9,27.2,29,29.2,29.3,29.2,29.3,29.5,29.4,,,,,,,
Russian Federation,RUS,"Age at first marriage, male",SP.DYN.SMAM.MA,,,,,,,,,25.2,,,,,,,,27,,,,,,,,
Rwanda,RWA,"Age at first marriage, male",SP.DYN.SMAM.MA,,,24.8,,,,25.5,,26.7,,,26.5,,,26.5,,26.6,,,,,,,,
South Asia,SAS,"Age at first marriage, male",SP.DYN.SMAM.MA,,,,,,,,,,,,,,,,,,,,,,,,,
Saudi Arabia,SAU,"Age at first marriage, male",SP.DYN.SMAM.MA,,,27.7,,,28.4,,,,,26.9,,,28,,,,,,,,,,,
Sudan,SDN,"Age at first marriage, male",SP.DYN.SMAM.MA,,,,,,,29.7,,,,,,,,28.4,,,,,,,,,,
Senegal,SEN,"Age at first marriage, male",SP.DYN.SMAM.MA,,,,,,,29.7,,29,,,27.8,,,,,30,,,29.2,30.5,,,,
Singapore,SGP,"Age at first marriage, male",SP.DYN.SMAM.MA,,,,,,,30,,,,,30.1,,,,,30.4,,,,,,,,
Solomon Islands,SLB,"Age at first marriage, male",SP.DYN.SMAM.MA,,,,,,26.1,,,,,,,,26.2,,,,,,,,,,,
Sierra Leone,SLE,"Age at first marriage, male",SP.DYN.SMAM.MA,,,,,,,26.6,,,,26.9,,,,26.2,,,,,26.8,,,,,
El Salvador,SLV,"Age at first marriage, male",SP.DYN.SMAM.MA,,,,,,,,,,,,,,25.5,,,,,,,,,,,
San Marino,SMR,"Age at first marriage, male",SP.DYN.SMAM.MA,,29.5,,29.8,,,30.4,,,30.9,,31.3,,,,,,,,33.2,33.5,,,,
Somalia,SOM,"Age at first marriage, male",SP.DYN.SMAM.MA,,,,,,,,,,,,,,,,,,,,,,,,,
Serbia,SRB,"Age at first marriage, male",SP.DYN.SMAM.MA,,,,,,,,,29.8,,,,,,,,,30.4,,,,,,,
Sub-Saharan Africa (excluding high income),SSA,"Age at first marriage, male",SP.DYN.SMAM.MA,,,,,,,,,,,,,,,,,,,,,,,,,
South Sudan,SSD,"Age at first marriage, male",SP.DYN.SMAM.MA,,,,,,,26.1,,,,,,,,27.1,,,,,,,,,,
Sub-Saharan Africa,SSF,"Age at first marriage, male",SP.DYN.SMAM.MA,,,,,,,,,,,,,,,,,,,,,,,,,
Small states,SST,"Age at first marriage, male",SP.DYN.SMAM.MA,,,,,,,,,,,,,,,,,,,,,,,,,
Sao Tome and Principe,STP,"Age at first marriage, male",SP.DYN.SMAM.MA,,,,,,,23,,,,,,,,25,,,,,,,,,,
Suriname,SUR,"Age at first marriage, male",SP.DYN.SMAM.MA,,,,,,,27.5,,,,31.8,,,,,,,,32.8,,,,,,
Slovak Republic,SVK,"Age at first marriage, male",SP.DYN.SMAM.MA,,,,,,,,28.3,,29.1,,,30.1,30.4,30.7,31.1,31.4,31.2,32,32.4,32.6,,,,
Slovenia,SVN,"Age at first marriage, male",SP.DYN.SMAM.MA,,,,,31.3,,31.9,32,32.1,32.4,32.7,33,33.4,33.7,34.7,35,35.3,33.2,35.5,35.6,35.7,,,,
Sweden,SWE,"Age at first marriage, male",SP.DYN.SMAM.MA,,33.6,33.8,34,34.2,,,34.5,34.5,34.5,34.5,34.4,34.3,34.1,33.9,33.7,33.5,33.2,33.2,,33.1,,,,
Eswatini,SWZ,"Age at first marriage, male",SP.DYN.SMAM.MA,,,,,,,30.1,,,,,,30,30.5,,,,,,,,,,,
Sint Maarten (Dutch part),SXM,"Age at first marriage, male",SP.DYN.SMAM.MA,,,,,,,,,,,,,,,,,,32.3,,,,,,,
Seychelles,SYC,"Age at first marriage, male",SP.DYN.SMAM.MA,,,,,,,,,27.3,,,,,,,,,,,,,,,,
Syrian Arab Republic,SYR,"Age at first marriage, male",SP.DYN.SMAM.MA,,,,,,,,29.3,,,,,,,,,,,,,,,,,
Turks and Caicos Islands,TCA,"Age at first marriage, male",SP.DYN.SMAM.MA,,,,,,,,28.3,,,,,,,,,,,,,,,,,
Chad,TCD,"Age at first marriage, male",SP.DYN.SMAM.MA,,,,24.1,,,25.2,,,,24.5,,,,,,,,,,,,,,
East Asia & Pacific (IDA & IBRD countries),TEA,"Age at first marriage, male",SP.DYN.SMAM.MA,,,,,,,,,,,,,,,,,,,,,,,,,
Europe & Central Asia (IDA & IBRD countries),TEC,"Age at first marriage, male",SP.DYN.SMAM.MA,,,,,,,,,,,,,,,,,,,,,,,,,
Togo,TGO,"Age at first marriage, male",SP.DYN.SMAM.MA,,,,,27,,28.2,,,,,,,,,,27.6,,,,27.6,,,,
Thailand,THA,"Age at first marriage, male",SP.DYN.SMAM.MA,,,,,,,27.4,,,,,,,,,,28.5,,,,,,,,
Tajikistan,TJK,"Age at first marriage, male",SP.DYN.SMAM.MA,,,,,,,24.1,,,,,,,,,,24.7,,24.3,,,,,,
Turkmenistan,TKM,"Age at first marriage, male",SP.DYN.SMAM.MA,,,,,,,,,,,,,,,,,,,,,,,,,
Latin America & the Caribbean (IDA & IBRD countries),TLA,"Age at first marriage, male",SP.DYN.SMAM.MA,,,,,,,,,,,,,,,,,,,,,,,,,
Timor-Leste,TLS,"Age at first marriage, male",SP.DYN.SMAM.MA,,,,,,,,,,24.6,27,,,,,26.9,,,,,,,,,
Middle East & North Africa (IDA & IBRD countries),TMN,"Age at first marriage, male",SP.DYN.SMAM.MA,,,,,,,,,,,,,,,,,,,,,,,,,
Tonga,TON,"Age at first marriage, male",SP.DYN.SMAM.MA,,,28,,,,,,,,,,28,,,,,,25.5,,,,,,
South Asia (IDA & IBRD),TSA,"Age at first marriage, male",SP.DYN.SMAM.MA,,,,,,,,,,,,,,,,,,,,,,,,,
Sub-Saharan Africa (IDA & IBRD countries),TSS,"Age at first marriage, male",SP.DYN.SMAM.MA,,,,,,,,,,,,,,,,,,,,,,,,,
Trinidad and Tobago,TTO,"Age at first marriage, male",SP.DYN.SMAM.MA,,,,,,,31.4,,,,,,,,,,,31.8,,,,,,,
Tunisia,TUN,"Age at first marriage, male",SP.DYN.SMAM.MA,,,,,,,,,,,32.6,,,,,,,,,,,,,,
Turkey,TUR,"Age at first marriage, male",SP.DYN.SMAM.MA,,,,,25.4,,26.1,,,26.4,,,,,,,,,,28.1,,,,,
Tuvalu,TUV,"Age at first marriage, male",SP.DYN.SMAM.MA,,,,,,,,,26.5,,,,,,,,,,,,,,,,
Tanzania,TZA,"Age at first marriage, male",SP.DYN.SMAM.MA,,,25.1,,,24.7,,,25.9,,25,25.1,,,25.5,,25.1,26,,,,,,,
Uganda,UGA,"Age at first marriage, male",SP.DYN.SMAM.MA,,22.5,,,,,,23.4,24.2,,,24,23.8,,,,,24.3,,,,,,,
Ukraine,UKR,"Age at first marriage, male",SP.DYN.SMAM.MA,,,,,,,,26,,,,,,25.9,,,,,26.4,,,,,,
Upper middle income,UMC,"Age at first marriage, male",SP.DYN.SMAM.MA,,,,,,,,,,,,,,,,,,,,,,,,,
Uruguay,URY,"Age at first marriage, male",SP.DYN.SMAM.MA,,,25.6,,,,,,,,,,,,,,,26.5,,,,,,,
United States,USA,"Age at first marriage, male",SP.DYN.SMAM.MA,,,,,,,27.8,,24,,,,,,,28.8,,,,,,,,,
Uzbekistan,UZB,"Age at first marriage, male",SP.DYN.SMAM.MA,,,,,,,24.1,,24,,,,,,,,,,,,,,,,
St. Vincent and the Grenadines,VCT,"Age at first marriage, male",SP.DYN.SMAM.MA,,,,,,,,,27.8,,,,,,,,,,,,,,,,
"Venezuela, RB",VEN,"Age at first marriage, male",SP.DYN.SMAM.MA,,,,,,,26.5,26,,,,,,,,,,,,,,,,,
British Virgin Islands,VGB,"Age at first marriage, male",SP.DYN.SMAM.MA,,,,,,,,,,,,,,,,,,,,,,,,,
Virgin Islands (U.S.),VIR,"Age at first marriage, male",SP.DYN.SMAM.MA,24.9,,,,,,,,,,,,,,,,,,,,,,,,
Vietnam,VNM,"Age at first marriage, male",SP.DYN.SMAM.MA,,,,26.1,,25.4,26,,26.1,,,26,,26.6,,26.2,,26.4,,,,,,,
Vanuatu,VUT,"Age at first marriage, male",SP.DYN.SMAM.MA,,,,,,25.3,,,,,,,,,,25.5,,,,,,,,,
World,WLD,"Age at first marriage, male",SP.DYN.SMAM.MA,,,,,,,,,,,,,,,,,,,,,,,,,
Samoa,WSM,"Age at first marriage, male",SP.DYN.SMAM.MA,,,,,,,,28.6,,,,,,,,28.7,,,,,,,,,
Kosovo,XKX,"Age at first marriage, male",SP.DYN.SMAM.MA,,,,,,,,,,,,,,,,,,,,,,,,,
"Yemen, Rep.",YEM,"Age at first marriage, male",SP.DYN.SMAM.MA,,,,,,,,,,25.4,,,25.3,,,,,,,26.1,,,,,
South Africa,ZAF,"Age at first marriage, male",SP.DYN.SMAM.MA,,,30.3,,,,,,,30.5,,,,,,,,31.2,,,,,,,
Zambia,ZMB,"Age at first marriage, male",SP.DYN.SMAM.MA,,,25,,,26.6,25.4,,24.8,,,,,25.4,,,26.2,,,,25.9,,,,
Zimbabwe,ZWE,"Age at first marriage, male",SP.DYN.SMAM.MA,,,,26,,25.7,,,25.8,,,,25.9,,,,25.5,,,,25.2,,,,
