year,state,month,number,date
2013,Acre,Janeiro,0,1/1/2013
2014,Acre,Janeiro,0,1/1/2014
2015,Acre,Janeiro,1,1/1/2015
2016,Acre,Janeiro,12,1/1/2016
2017,Acre,Janeiro,0,1/1/2017
2013,Acre,Fevereiro,0,1/1/2013
2014,Acre,Fevereiro,0,1/1/2014
2015,Acre,Fevereiro,2,1/1/2015
2016,Acre,Fevereiro,5,1/1/2016
2017,Acre,Fevereiro,1,1/1/2017
2013,Acre,Março,2,1/1/2013
2014,Acre,Março,1,1/1/2014
2015,Acre,Março,2,1/1/2015
2016,Acre,Março,0,1/1/2016
2017,Acre,Março,0,1/1/2017
2013,Acre,Abril,19,1/1/2013
2014,Acre,Abril,7,1/1/2014
2015,Acre,Abril,3,1/1/2015
2016,Acre,Abril,0,1/1/2016
2017,Acre,Abril,1,1/1/2017
2013,Acre,Maio,4,1/1/2013
2014,Acre,Maio,1,1/1/2014
2015,Acre,Maio,2,1/1/2015
2016,Acre,Maio,21,1/1/2016
2017,Acre,Maio,10,1/1/2017
2013,Acre,Junho,8,1/1/2013
2014,Acre,Junho,17,1/1/2014
2015,Acre,Junho,40,1/1/2015
2016,Acre,Junho,87,1/1/2016
2017,Acre,Junho,45,1/1/2017
2013,Acre,Julho,54,1/1/2013
2014,Acre,Julho,60,1/1/2014
2015,Acre,Julho,109,1/1/2015
2016,Acre,Julho,533,1/1/2016
2017,Acre,Julho,457,1/1/2017
2013,Acre,Agosto,679,1/1/2013
2014,Acre,Agosto,1.1,1/1/2014
2015,Acre,Agosto,1.397,1/1/2015
2016,Acre,Agosto,2.188,1/1/2016
2017,Acre,Agosto,1.493,1/1/2017
2013,Acre,Setembro,2.136,1/1/2013
2014,Acre,Setembro,2.175,1/1/2014
2015,Acre,Setembro,2.928,1/1/2015
2016,Acre,Setembro,3.586,1/1/2016
2017,Acre,Setembro,3.429,1/1/2017
2013,Acre,Outubro,258,1/1/2013
2014,Acre,Outubro,406,1/1/2014
2015,Acre,Outubro,905,1/1/2015
2016,Acre,Outubro,509,1/1/2016
2017,Acre,Outubro,1.508,1/1/2017
2013,Acre,Novembro,79,1/1/2013
2014,Acre,Novembro,56,1/1/2014
2015,Acre,Novembro,115,1/1/2015
2016,Acre,Novembro,46,1/1/2016
2017,Acre,Novembro,98,1/1/2017
2013,Acre,Dezembro,3,1/1/2013
2014,Acre,Dezembro,6,1/1/2014
2015,Acre,Dezembro,8,1/1/2015
2016,Acre,Dezembro,6,1/1/2016
2013,Alagoas,Janeiro,49,1/1/2013
2014,Alagoas,Janeiro,54,1/1/2014
2015,Alagoas,Janeiro,81,1/1/2015
2016,Alagoas,Janeiro,24,1/1/2016
2017,Alagoas,Janeiro,38,1/1/2017
2017,Alagoas,Janeiro,38,1/1/2017
2013,Alagoas,Fevereiro,19,1/1/2013
2014,Alagoas,Fevereiro,29,1/1/2014
2015,Alagoas,Fevereiro,46,1/1/2015
2016,Alagoas,Fevereiro,14,1/1/2016
2017,Alagoas,Fevereiro,21,1/1/2017
2013,Alagoas,Março,31,1/1/2013
2014,Alagoas,Março,28,1/1/2014
2015,Alagoas,Março,32,1/1/2015
2016,Alagoas,Março,9,1/1/2016
2017,Alagoas,Março,23,1/1/2017
2013,Alagoas,Abril,25,1/1/2013
2014,Alagoas,Abril,16,1/1/2014
2015,Alagoas,Abril,63,1/1/2015
2016,Alagoas,Abril,13,1/1/2016
2017,Alagoas,Abril,7,1/1/2017
2013,Alagoas,Maio,2,1/1/2013
2014,Alagoas,Maio,1,1/1/2014
2015,Alagoas,Maio,18,1/1/2015
2016,Alagoas,Maio,4,1/1/2016
2017,Alagoas,Maio,1,1/1/2017
2013,Alagoas,Junho,1,1/1/2013
2014,Alagoas,Junho,2,1/1/2014
2015,Alagoas,Junho,2,1/1/2015
2016,Alagoas,Junho,5,1/1/2016
2017,Alagoas,Junho,2,1/1/2017
2013,Alagoas,Julho,0,1/1/2013
2014,Alagoas,Julho,1,1/1/2014
2015,Alagoas,Julho,0,1/1/2015
2016,Alagoas,Julho,3,1/1/2016
2017,Alagoas,Julho,0,1/1/2017
2013,Alagoas,Agosto,0,1/1/2013
2014,Alagoas,Agosto,3,1/1/2014
2015,Alagoas,Agosto,3,1/1/2015
2016,Alagoas,Agosto,5,1/1/2016
2017,Alagoas,Agosto,1,1/1/2017
2013,Alagoas,Setembro,4,1/1/2013
2014,Alagoas,Setembro,11,1/1/2014
2015,Alagoas,Setembro,7,1/1/2015
2016,Alagoas,Setembro,18,1/1/2016
2017,Alagoas,Setembro,4,1/1/2017
2013,Alagoas,Outubro,25,1/1/2013
2014,Alagoas,Outubro,7,1/1/2014
2015,Alagoas,Outubro,40,1/1/2015
2016,Alagoas,Outubro,74,1/1/2016
2017,Alagoas,Outubro,14,1/1/2017
2013,Alagoas,Novembro,10,1/1/2013
2014,Alagoas,Novembro,14,1/1/2014
2015,Alagoas,Novembro,162,1/1/2015
2016,Alagoas,Novembro,76,1/1/2016
2017,Alagoas,Novembro,10,1/1/2017
2013,Alagoas,Dezembro,42,1/1/2013
2014,Alagoas,Dezembro,24,1/1/2014
2015,Alagoas,Dezembro,136,1/1/2015
2016,Alagoas,Dezembro,155,1/1/2016
2013,Amapa,Janeiro,3,1/1/2013
2014,Amapa,Janeiro,10,1/1/2014
2015,Amapa,Janeiro,14,1/1/2015
2016,Amapa,Janeiro,19,1/1/2016
2017,Amapa,Janeiro,2,1/1/2017
2013,Amapa,Fevereiro,0,1/1/2013
2014,Amapa,Fevereiro,2,1/1/2014
2015,Amapa,Fevereiro,1,1/1/2015
2016,Amapa,Fevereiro,1,1/1/2016
2017,Amapa,Fevereiro,0,1/1/2017
2013,Amapa,Março,0,1/1/2013
2014,Amapa,Março,1,1/1/2014
2015,Amapa,Março,2,1/1/2015
2016,Amapa,Março,5,1/1/2016
2017,Amapa,Março,0,1/1/2017
2013,Amapa,Abril,2,1/1/2013
2014,Amapa,Abril,0,1/1/2014
2015,Amapa,Abril,0,1/1/2015
2016,Amapa,Abril,0,1/1/2016
2017,Amapa,Abril,3,1/1/2017
2013,Amapa,Maio,0,1/1/2013
2014,Amapa,Maio,0,1/1/2014
2015,Amapa,Maio,0,1/1/2015
2016,Amapa,Maio,1,1/1/2016
2017,Amapa,Maio,1,1/1/2017
2013,Amapa,Junho,1,1/1/2013
2014,Amapa,Junho,0,1/1/2014
2015,Amapa,Junho,3,1/1/2015
2016,Amapa,Junho,2,1/1/2016
2017,Amapa,Junho,2,1/1/2017
2013,Amapa,Julho,1,1/1/2013
2014,Amapa,Julho,4,1/1/2014
2015,Amapa,Julho,5,1/1/2015
2016,Amapa,Julho,1,1/1/2016
2017,Amapa,Julho,3,1/1/2017
2013,Amapa,Agosto,9,1/1/2013
2014,Amapa,Agosto,18,1/1/2014
2015,Amapa,Agosto,40,1/1/2015
2016,Amapa,Agosto,37,1/1/2016
2017,Amapa,Agosto,33,1/1/2017
2013,Amapa,Setembro,85,1/1/2013
2014,Amapa,Setembro,137,1/1/2014
2015,Amapa,Setembro,192,1/1/2015
2016,Amapa,Setembro,142,1/1/2016
2017,Amapa,Setembro,95,1/1/2017
2013,Amapa,Outubro,385,1/1/2013
2014,Amapa,Outubro,480,1/1/2014
2015,Amapa,Outubro,827,1/1/2015
2016,Amapa,Outubro,793,1/1/2016
2017,Amapa,Outubro,468,1/1/2017
2013,Amapa,Novembro,341,1/1/2013
2014,Amapa,Novembro,484,1/1/2014
2015,Amapa,Novembro,1.3,1/1/2015
2016,Amapa,Novembro,1.161,1/1/2016
2017,Amapa,Novembro,858,1/1/2017
2013,Amapa,Dezembro,148,1/1/2013
2014,Amapa,Dezembro,354,1/1/2014
2015,Amapa,Dezembro,269,1/1/2015
2016,Amapa,Dezembro,491,1/1/2016
2013,Amazonas,Janeiro,37,1/1/2013
2014,Amazonas,Janeiro,46,1/1/2014
2015,Amazonas,Janeiro,35,1/1/2015
2016,Amazonas,Janeiro,770,1/1/2016
2017,Amazonas,Janeiro,65,1/1/2017
2013,Amazonas,Fevereiro,16,1/1/2013
2014,Amazonas,Fevereiro,49,1/1/2014
2015,Amazonas,Fevereiro,107,1/1/2015
2016,Amazonas,Fevereiro,275,1/1/2016
2017,Amazonas,Fevereiro,52,1/1/2017
2013,Amazonas,Março,49,1/1/2013
2014,Amazonas,Março,50,1/1/2014
2015,Amazonas,Março,46,1/1/2015
2016,Amazonas,Março,140,1/1/2016
2017,Amazonas,Março,45,1/1/2017
2013,Amazonas,Abril,20,1/1/2013
2014,Amazonas,Abril,25,1/1/2014
2015,Amazonas,Abril,24,1/1/2015
2016,Amazonas,Abril,22,1/1/2016
2017,Amazonas,Abril,20,1/1/2017
2013,Amazonas,Maio,19,1/1/2013
2014,Amazonas,Maio,12,1/1/2014
2015,Amazonas,Maio,10,1/1/2015
2016,Amazonas,Maio,30,1/1/2016
2017,Amazonas,Maio,40,1/1/2017
2013,Amazonas,Junho,56,1/1/2013
2014,Amazonas,Junho,74,1/1/2014
2015,Amazonas,Junho,33,1/1/2015
2016,Amazonas,Junho,90,1/1/2016
2017,Amazonas,Junho,119,1/1/2017
2013,Amazonas,Julho,248,1/1/2013
2014,Amazonas,Julho,202,1/1/2014
2015,Amazonas,Julho,356,1/1/2015
2016,Amazonas,Julho,1.137,1/1/2016
2017,Amazonas,Julho,1.975,1/1/2017
2013,Amazonas,Agosto,1.276,1/1/2013
2014,Amazonas,Agosto,3.852,1/1/2014
2015,Amazonas,Agosto,4.564,1/1/2015
2016,Amazonas,Agosto,3.611,1/1/2016
2017,Amazonas,Agosto,6.316,1/1/2017
2013,Amazonas,Setembro,1.739,1/1/2013
2014,Amazonas,Setembro,3.057,1/1/2014
2015,Amazonas,Setembro,5.882,1/1/2015
2016,Amazonas,Setembro,3.119,1/1/2016
2017,Amazonas,Setembro,4.033,1/1/2017
2013,Amazonas,Outubro,1.202,1/1/2013
2014,Amazonas,Outubro,952,1/1/2014
2015,Amazonas,Outubro,2.494,1/1/2015
2016,Amazonas,Outubro,2.105,1/1/2016
2017,Amazonas,Outubro,1.581,1/1/2017
2013,Amazonas,Novembro,220,1/1/2013
2014,Amazonas,Novembro,676,1/1/2014
2015,Amazonas,Novembro,1.054,1/1/2015
2016,Amazonas,Novembro,591,1/1/2016
2017,Amazonas,Novembro,552,1/1/2017
2013,Amazonas,Dezembro,236,1/1/2013
2014,Amazonas,Dezembro,293,1/1/2014
2015,Amazonas,Dezembro,565,1/1/2015
2016,Amazonas,Dezembro,133,1/1/2016
2013,Bahia,Janeiro,125,1/1/2013
2014,Bahia,Janeiro,132,1/1/2014
2015,Bahia,Janeiro,256,1/1/2015
2016,Bahia,Janeiro,285,1/1/2016
2017,Bahia,Janeiro,154,1/1/2017
2013,Bahia,Fevereiro,231,1/1/2013
2014,Bahia,Fevereiro,107,1/1/2014
2015,Bahia,Fevereiro,143,1/1/2015
2016,Bahia,Fevereiro,418,1/1/2016
2017,Bahia,Fevereiro,100,1/1/2017
2013,Bahia,Março,363,1/1/2013
2014,Bahia,Março,148,1/1/2014
2015,Bahia,Março,229,1/1/2015
2016,Bahia,Março,281,1/1/2016
2017,Bahia,Março,163,1/1/2017
2013,Bahia,Abril,108,1/1/2013
2014,Bahia,Abril,183,1/1/2014
2015,Bahia,Abril,190,1/1/2015
2016,Bahia,Abril,217,1/1/2016
2017,Bahia,Abril,94,1/1/2017
2013,Bahia,Maio,141,1/1/2013
2014,Bahia,Maio,224,1/1/2014
2015,Bahia,Maio,144,1/1/2015
2016,Bahia,Maio,259,1/1/2016
2017,Bahia,Maio,121,1/1/2017
2013,Bahia,Junho,208,1/1/2013
2014,Bahia,Junho,243,1/1/2014
2015,Bahia,Junho,242,1/1/2015
2016,Bahia,Junho,416,1/1/2016
2017,Bahia,Junho,329,1/1/2017
2013,Bahia,Julho,362,1/1/2013
2014,Bahia,Julho,249,1/1/2014
2015,Bahia,Julho,306,1/1/2015
2016,Bahia,Julho,345,1/1/2016
2017,Bahia,Julho,300,1/1/2017
2013,Bahia,Agosto,610,1/1/2013
2014,Bahia,Agosto,674,1/1/2014
2015,Bahia,Agosto,829,1/1/2015
2016,Bahia,Agosto,724,1/1/2016
2017,Bahia,Agosto,1.018,1/1/2017
2013,Bahia,Setembro,2.681,1/1/2013
2014,Bahia,Setembro,2.604,1/1/2014
2015,Bahia,Setembro,7.956,1/1/2015
2016,Bahia,Setembro,1.819,1/1/2016
2017,Bahia,Setembro,1.791,1/1/2017
2013,Bahia,Outubro,1.969,1/1/2013
2014,Bahia,Outubro,2.763,1/1/2014
2015,Bahia,Outubro,4.989,1/1/2015
2016,Bahia,Outubro,1.415,1/1/2016
2017,Bahia,Outubro,4.005,1/1/2017
2013,Bahia,Novembro,288,1/1/2013
2014,Bahia,Novembro,348,1/1/2014
2015,Bahia,Novembro,1.705,1/1/2015
2016,Bahia,Novembro,408,1/1/2016
2017,Bahia,Novembro,174,1/1/2017
2013,Bahia,Dezembro,131,1/1/2013
2014,Bahia,Dezembro,144,1/1/2014
2015,Bahia,Dezembro,1.408,1/1/2015
2016,Bahia,Dezembro,164,1/1/2016
2013,Ceara,Janeiro,103,1/1/2013
2014,Ceara,Janeiro,115,1/1/2014
2015,Ceara,Janeiro,207,1/1/2015
2016,Ceara,Janeiro,100,1/1/2016
2017,Ceara,Janeiro,91,1/1/2017
2013,Ceara,Fevereiro,49,1/1/2013
2014,Ceara,Fevereiro,18,1/1/2014
2015,Ceara,Fevereiro,25,1/1/2015
2016,Ceara,Fevereiro,13,1/1/2016
2017,Ceara,Fevereiro,9,1/1/2017
2013,Ceara,Março,17,1/1/2013
2014,Ceara,Março,6,1/1/2014
2015,Ceara,Março,20,1/1/2015
2016,Ceara,Março,4,1/1/2016
2017,Ceara,Março,4,1/1/2017
2013,Ceara,Abril,4,1/1/2013
2014,Ceara,Abril,4,1/1/2014
2015,Ceara,Abril,3,1/1/2015
2016,Ceara,Abril,10,1/1/2016
2017,Ceara,Abril,6,1/1/2017
2013,Ceara,Maio,4,1/1/2013
2014,Ceara,Maio,4,1/1/2014
2015,Ceara,Maio,17,1/1/2015
2016,Ceara,Maio,8,1/1/2016
2017,Ceara,Maio,9,1/1/2017
2013,Ceara,Junho,5,1/1/2013
2014,Ceara,Junho,19,1/1/2014
2015,Ceara,Junho,22,1/1/2015
2016,Ceara,Junho,45,1/1/2016
2017,Ceara,Junho,23,1/1/2017
2013,Ceara,Julho,4,1/1/2013
2014,Ceara,Julho,47,1/1/2014
2015,Ceara,Julho,25,1/1/2015
2016,Ceara,Julho,124,1/1/2016
2017,Ceara,Julho,26,1/1/2017
2013,Ceara,Agosto,32,1/1/2013
2014,Ceara,Agosto,155,1/1/2014
2015,Ceara,Agosto,127,1/1/2015
2016,Ceara,Agosto,293,1/1/2016
2017,Ceara,Agosto,121,1/1/2017
2013,Ceara,Setembro,177,1/1/2013
2014,Ceara,Setembro,155,1/1/2014
2015,Ceara,Setembro,214,1/1/2015
2016,Ceara,Setembro,370,1/1/2016
2017,Ceara,Setembro,505,1/1/2017
2013,Ceara,Outubro,466,1/1/2013
2014,Ceara,Outubro,517,1/1/2014
2015,Ceara,Outubro,658,1/1/2015
2016,Ceara,Outubro,1.31,1/1/2016
2017,Ceara,Outubro,949,1/1/2017
2013,Ceara,Novembro,1.081,1/1/2013
2014,Ceara,Novembro,829,1/1/2014
2015,Ceara,Novembro,1.081,1/1/2015
2016,Ceara,Novembro,1.328,1/1/2016
2017,Ceara,Novembro,812,1/1/2017
2013,Ceara,Dezembro,956,1/1/2013
2014,Ceara,Dezembro,643,1/1/2014
2015,Ceara,Dezembro,1.021,1/1/2015
2016,Ceara,Dezembro,819,1/1/2016
2013,Distrito Federal,Janeiro,0,1/1/2013
2014,Distrito Federal,Janeiro,0,1/1/2014
2015,Distrito Federal,Janeiro,1,1/1/2015
2016,Distrito Federal,Janeiro,1,1/1/2016
2017,Distrito Federal,Janeiro,1,1/1/2017
2013,Distrito Federal,Fevereiro,1,1/1/2013
2014,Distrito Federal,Fevereiro,1,1/1/2014
2015,Distrito Federal,Fevereiro,0,1/1/2015
2016,Distrito Federal,Fevereiro,2,1/1/2016
2017,Distrito Federal,Fevereiro,0,1/1/2017
2013,Distrito Federal,Março,1,1/1/2013
2014,Distrito Federal,Março,1,1/1/2014
2015,Distrito Federal,Março,0,1/1/2015
2016,Distrito Federal,Março,1,1/1/2016
2017,Distrito Federal,Março,0,1/1/2017
2013,Distrito Federal,Abril,1,1/1/2013
2014,Distrito Federal,Abril,2,1/1/2014
2015,Distrito Federal,Abril,0,1/1/2015
2016,Distrito Federal,Abril,5,1/1/2016
2017,Distrito Federal,Abril,1,1/1/2017
2013,Distrito Federal,Maio,2,1/1/2013
2014,Distrito Federal,Maio,9,1/1/2014
2015,Distrito Federal,Maio,2,1/1/2015
2016,Distrito Federal,Maio,15,1/1/2016
2017,Distrito Federal,Maio,6,1/1/2017
2013,Distrito Federal,Junho,4,1/1/2013
2014,Distrito Federal,Junho,6,1/1/2014
2015,Distrito Federal,Junho,1,1/1/2015
2016,Distrito Federal,Junho,42,1/1/2016
2017,Distrito Federal,Junho,23,1/1/2017
2013,Distrito Federal,Julho,22,1/1/2013
2014,Distrito Federal,Julho,27,1/1/2014
2015,Distrito Federal,Julho,15,1/1/2015
2016,Distrito Federal,Julho,79,1/1/2016
2017,Distrito Federal,Julho,44,1/1/2017
2013,Distrito Federal,Agosto,34,1/1/2013
2014,Distrito Federal,Agosto,99,1/1/2014
2015,Distrito Federal,Agosto,53,1/1/2015
2016,Distrito Federal,Agosto,29,1/1/2016
2017,Distrito Federal,Agosto,147,1/1/2017
2013,Distrito Federal,Setembro,31,1/1/2013
2014,Distrito Federal,Setembro,72,1/1/2014
2015,Distrito Federal,Setembro,76,1/1/2015
2016,Distrito Federal,Setembro,58,1/1/2016
2017,Distrito Federal,Setembro,122,1/1/2017
2013,Distrito Federal,Outubro,3,1/1/2013
2014,Distrito Federal,Outubro,34,1/1/2014
2015,Distrito Federal,Outubro,21,1/1/2015
2016,Distrito Federal,Outubro,9,1/1/2016
2017,Distrito Federal,Outubro,66,1/1/2017
2013,Distrito Federal,Novembro,0,1/1/2013
2014,Distrito Federal,Novembro,0,1/1/2014
2015,Distrito Federal,Novembro,3,1/1/2015
2016,Distrito Federal,Novembro,1,1/1/2016
2017,Distrito Federal,Novembro,0,1/1/2017
2013,Distrito Federal,Dezembro,2,1/1/2013
2014,Distrito Federal,Dezembro,0,1/1/2014
2015,Distrito Federal,Dezembro,0,1/1/2015
2016,Distrito Federal,Dezembro,0,1/1/2016
2013,Espirito Santo,Janeiro,10,1/1/2013
2014,Espirito Santo,Janeiro,11,1/1/2014
2015,Espirito Santo,Janeiro,76,1/1/2015
2016,Espirito Santo,Janeiro,43,1/1/2016
2017,Espirito Santo,Janeiro,13,1/1/2017
2013,Espirito Santo,Fevereiro,15,1/1/2013
2014,Espirito Santo,Fevereiro,17,1/1/2014
2015,Espirito Santo,Fevereiro,60,1/1/2015
2016,Espirito Santo,Fevereiro,24,1/1/2016
2017,Espirito Santo,Fevereiro,8,1/1/2017
2013,Espirito Santo,Março,13,1/1/2013
2014,Espirito Santo,Março,15,1/1/2014
2015,Espirito Santo,Março,25,1/1/2015
2016,Espirito Santo,Março,107,1/1/2016
2017,Espirito Santo,Março,9,1/1/2017
2013,Espirito Santo,Abril,16,1/1/2013
2014,Espirito Santo,Abril,15,1/1/2014
2015,Espirito Santo,Abril,33,1/1/2015
2016,Espirito Santo,Abril,57,1/1/2016
2017,Espirito Santo,Abril,7,1/1/2017
2013,Espirito Santo,Maio,14,1/1/2013
2014,Espirito Santo,Maio,18,1/1/2014
2015,Espirito Santo,Maio,17,1/1/2015
2016,Espirito Santo,Maio,48,1/1/2016
2017,Espirito Santo,Maio,10,1/1/2017
2013,Espirito Santo,Junho,22,1/1/2013
2014,Espirito Santo,Junho,9,1/1/2014
2015,Espirito Santo,Junho,18,1/1/2015
2016,Espirito Santo,Junho,49,1/1/2016
2017,Espirito Santo,Junho,37,1/1/2017
2013,Espirito Santo,Julho,20,1/1/2013
2014,Espirito Santo,Julho,17,1/1/2014
2015,Espirito Santo,Julho,30,1/1/2015
2016,Espirito Santo,Julho,42,1/1/2016
2017,Espirito Santo,Julho,3,1/1/2017
2013,Espirito Santo,Agosto,53,1/1/2013
2014,Espirito Santo,Agosto,47,1/1/2014
2015,Espirito Santo,Agosto,35,1/1/2015
2016,Espirito Santo,Agosto,78,1/1/2016
2017,Espirito Santo,Agosto,30,1/1/2017
2013,Espirito Santo,Setembro,30,1/1/2013
2014,Espirito Santo,Setembro,61,1/1/2014
2015,Espirito Santo,Setembro,228,1/1/2015
2016,Espirito Santo,Setembro,128,1/1/2016
2017,Espirito Santo,Setembro,58,1/1/2017
2013,Espirito Santo,Outubro,37,1/1/2013
2014,Espirito Santo,Outubro,89,1/1/2014
2015,Espirito Santo,Outubro,307,1/1/2015
2016,Espirito Santo,Outubro,58,1/1/2016
2017,Espirito Santo,Outubro,56,1/1/2017
2013,Espirito Santo,Novembro,11,1/1/2013
2014,Espirito Santo,Novembro,20,1/1/2014
2015,Espirito Santo,Novembro,141,1/1/2015
2016,Espirito Santo,Novembro,8,1/1/2016
2017,Espirito Santo,Novembro,3,1/1/2017
2013,Espirito Santo,Dezembro,9,1/1/2013
2014,Espirito Santo,Dezembro,28,1/1/2014
2015,Espirito Santo,Dezembro,61,1/1/2015
2016,Espirito Santo,Dezembro,12,1/1/2016
2013,Goias,Janeiro,33,1/1/2013
2014,Goias,Janeiro,80,1/1/2014
2015,Goias,Janeiro,118,1/1/2015
2016,Goias,Janeiro,52,1/1/2016
2017,Goias,Janeiro,53,1/1/2017
2013,Goias,Fevereiro,86,1/1/2013
2014,Goias,Fevereiro,44,1/1/2014
2015,Goias,Fevereiro,53,1/1/2015
2016,Goias,Fevereiro,117,1/1/2016
2017,Goias,Fevereiro,75,1/1/2017
2013,Goias,Março,79,1/1/2013
2014,Goias,Março,80,1/1/2014
2015,Goias,Março,76,1/1/2015
2016,Goias,Março,136,1/1/2016
2017,Goias,Março,115,1/1/2017
2013,Goias,Abril,42,1/1/2013
2014,Goias,Abril,138,1/1/2014
2015,Goias,Abril,89,1/1/2015
2016,Goias,Abril,167,1/1/2016
2017,Goias,Abril,60,1/1/2017
2013,Goias,Maio,150,1/1/2013
2014,Goias,Maio,210,1/1/2014
2015,Goias,Maio,129,1/1/2015
2016,Goias,Maio,233,1/1/2016
2017,Goias,Maio,135,1/1/2017
2013,Goias,Junho,192,1/1/2013
2014,Goias,Junho,318,1/1/2014
2015,Goias,Junho,277,1/1/2015
2016,Goias,Junho,289,1/1/2016
2017,Goias,Junho,442,1/1/2017
2013,Goias,Julho,350,1/1/2013
2014,Goias,Julho,446,1/1/2014
2015,Goias,Julho,347,1/1/2015
2016,Goias,Julho,837,1/1/2016
2017,Goias,Julho,577,1/1/2017
2013,Goias,Agosto,488,1/1/2013
2014,Goias,Agosto,1.255,1/1/2014
2015,Goias,Agosto,943,1/1/2015
2016,Goias,Agosto,1.032,1/1/2016
2017,Goias,Agosto,1.492,1/1/2017
2013,Goias,Setembro,684,1/1/2013
2014,Goias,Setembro,1.687,1/1/2014
2015,Goias,Setembro,2.296,1/1/2015
2016,Goias,Setembro,1.703,1/1/2016
2017,Goias,Setembro,3.238,1/1/2017
2013,Goias,Outubro,606,1/1/2013
2014,Goias,Outubro,1.947,1/1/2014
2015,Goias,Outubro,1.807,1/1/2015
2016,Goias,Outubro,522,1/1/2016
2017,Goias,Outubro,2.401,1/1/2017
2013,Goias,Novembro,183,1/1/2013
2014,Goias,Novembro,181,1/1/2014
2015,Goias,Novembro,547,1/1/2015
2016,Goias,Novembro,123,1/1/2016
2017,Goias,Novembro,117,1/1/2017
2013,Goias,Dezembro,86,1/1/2013
2014,Goias,Dezembro,68,1/1/2014
2015,Goias,Dezembro,179,1/1/2015
2016,Goias,Dezembro,64,1/1/2016
2013,Maranhao,Janeiro,209,1/1/2013
2014,Maranhao,Janeiro,195,1/1/2014
2015,Maranhao,Janeiro,494,1/1/2015
2016,Maranhao,Janeiro,412,1/1/2016
2017,Maranhao,Janeiro,187,1/1/2017
2013,Maranhao,Fevereiro,62,1/1/2013
2014,Maranhao,Fevereiro,29,1/1/2014
2015,Maranhao,Fevereiro,95,1/1/2015
2016,Maranhao,Fevereiro,318,1/1/2016
2017,Maranhao,Fevereiro,47,1/1/2017
2013,Maranhao,Março,30,1/1/2013
2014,Maranhao,Março,59,1/1/2014
2015,Maranhao,Março,53,1/1/2015
2016,Maranhao,Março,113,1/1/2016
2017,Maranhao,Março,32,1/1/2017
2013,Maranhao,Abril,62,1/1/2013
2014,Maranhao,Abril,78,1/1/2014
2015,Maranhao,Abril,119,1/1/2015
2016,Maranhao,Abril,113,1/1/2016
2017,Maranhao,Abril,91,1/1/2017
2013,Maranhao,Maio,100,1/1/2013
2014,Maranhao,Maio,148,1/1/2014
2015,Maranhao,Maio,194,1/1/2015
2016,Maranhao,Maio,206,1/1/2016
2017,Maranhao,Maio,142,1/1/2017
2013,Maranhao,Junho,498,1/1/2013
2014,Maranhao,Junho,812,1/1/2014
2015,Maranhao,Junho,887,1/1/2015
2016,Maranhao,Junho,709,1/1/2016
2017,Maranhao,Junho,885,1/1/2017
2013,Maranhao,Julho,1.111,1/1/2013
2014,Maranhao,Julho,2.068,1/1/2014
2015,Maranhao,Julho,1.642,1/1/2015
2016,Maranhao,Julho,2.096,1/1/2016
2017,Maranhao,Julho,2.521,1/1/2017
2013,Maranhao,Agosto,2.098,1/1/2013
2014,Maranhao,Agosto,5.592,1/1/2014
2015,Maranhao,Agosto,5.428,1/1/2015
2016,Maranhao,Agosto,3.723,1/1/2016
2017,Maranhao,Agosto,3.875,1/1/2017
2013,Maranhao,Setembro,3.88,1/1/2013
2014,Maranhao,Setembro,4.373,1/1/2014
2015,Maranhao,Setembro,6.423,1/1/2015
2016,Maranhao,Setembro,3.166,1/1/2016
2017,Maranhao,Setembro,14.825,1/1/2017
2013,Maranhao,Outubro,2.918,1/1/2013
2014,Maranhao,Outubro,5.812,1/1/2014
2015,Maranhao,Outubro,6.746,1/1/2015
2016,Maranhao,Outubro,5.351,1/1/2016
2017,Maranhao,Outubro,6.011,1/1/2017
2013,Maranhao,Novembro,2.529,1/1/2013
2014,Maranhao,Novembro,3.869,1/1/2014
2015,Maranhao,Novembro,4.35,1/1/2015
2016,Maranhao,Novembro,3.982,1/1/2016
2017,Maranhao,Novembro,2.3,1/1/2017
2013,Maranhao,Dezembro,2.692,1/1/2013
2014,Maranhao,Dezembro,2.4,1/1/2014
2015,Maranhao,Dezembro,3.706,1/1/2015
2016,Maranhao,Dezembro,1.577,1/1/2016
2013,Mato Grosso,Janeiro,269,1/1/2013
2014,Mato Grosso,Janeiro,315,1/1/2014
2015,Mato Grosso,Janeiro,960,1/1/2015
2016,Mato Grosso,Janeiro,374,1/1/2016
2017,Mato Grosso,Janeiro,482,1/1/2017
2013,Mato Grosso,Fevereiro,375,1/1/2013
2014,Mato Grosso,Fevereiro,199,1/1/2014
2015,Mato Grosso,Fevereiro,542,1/1/2015
2016,Mato Grosso,Fevereiro,1.05,1/1/2016
2017,Mato Grosso,Fevereiro,337,1/1/2017
2013,Mato Grosso,Março,563,1/1/2013
2014,Mato Grosso,Março,655,1/1/2014
2015,Mato Grosso,Março,705,1/1/2015
2016,Mato Grosso,Março,1.085,1/1/2016
2017,Mato Grosso,Março,719,1/1/2017
2013,Mato Grosso,Abril,338,1/1/2013
2014,Mato Grosso,Abril,859,1/1/2014
2015,Mato Grosso,Abril,947,1/1/2015
2016,Mato Grosso,Abril,1.77,1/1/2016
2017,Mato Grosso,Abril,606,1/1/2017
2013,Mato Grosso,Maio,739,1/1/2013
2014,Mato Grosso,Maio,933,1/1/2014
2015,Mato Grosso,Maio,541,1/1/2015
2016,Mato Grosso,Maio,1.081,1/1/2016
2017,Mato Grosso,Maio,845,1/1/2017
2013,Mato Grosso,Junho,1.213,1/1/2013
2014,Mato Grosso,Junho,1.795,1/1/2014
2015,Mato Grosso,Junho,1.402,1/1/2015
2016,Mato Grosso,Junho,1.417,1/1/2016
2017,Mato Grosso,Junho,2.041,1/1/2017
2013,Mato Grosso,Julho,1.63,1/1/2013
2014,Mato Grosso,Julho,2.255,1/1/2014
2015,Mato Grosso,Julho,1.533,1/1/2015
2016,Mato Grosso,Julho,3.495,1/1/2016
2017,Mato Grosso,Julho,2.79,1/1/2017
2013,Mato Grosso,Agosto,3.568,1/1/2013
2014,Mato Grosso,Agosto,7.167,1/1/2014
2015,Mato Grosso,Agosto,5.112,1/1/2015
2016,Mato Grosso,Agosto,6.228,1/1/2016
2017,Mato Grosso,Agosto,6.229,1/1/2017
2013,Mato Grosso,Setembro,5.576,1/1/2013
2014,Mato Grosso,Setembro,7.081,1/1/2014
2015,Mato Grosso,Setembro,11.068,1/1/2015
2016,Mato Grosso,Setembro,8.98,1/1/2016
2017,Mato Grosso,Setembro,23.945,1/1/2017
2013,Mato Grosso,Outubro,1.986,1/1/2013
2014,Mato Grosso,Outubro,5.281,1/1/2014
2015,Mato Grosso,Outubro,6.49,1/1/2015
2016,Mato Grosso,Outubro,2.749,1/1/2016
2017,Mato Grosso,Outubro,4.8,1/1/2017
2013,Mato Grosso,Novembro,1.064,1/1/2013
2014,Mato Grosso,Novembro,1.018,1/1/2014
2015,Mato Grosso,Novembro,1.93,1/1/2015
2016,Mato Grosso,Novembro,918,1/1/2016
2017,Mato Grosso,Novembro,813,1/1/2017
2013,Mato Grosso,Dezembro,447,1/1/2013
2014,Mato Grosso,Dezembro,466,1/1/2014
2015,Mato Grosso,Dezembro,1.777,1/1/2015
2016,Mato Grosso,Dezembro,425,1/1/2016
2013,Mato Grosso,Janeiro,174,1/1/2013
2014,Mato Grosso,Janeiro,197,1/1/2014
2015,Mato Grosso,Janeiro,226,1/1/2015
2016,Mato Grosso,Janeiro,127,1/1/2016
2017,Mato Grosso,Janeiro,355,1/1/2017
2013,Mato Grosso,Fevereiro,100,1/1/2013
2014,Mato Grosso,Fevereiro,139,1/1/2014
2015,Mato Grosso,Fevereiro,148,1/1/2015
2016,Mato Grosso,Fevereiro,187,1/1/2016
2017,Mato Grosso,Fevereiro,165,1/1/2017
2013,Mato Grosso,Março,158,1/1/2013
2014,Mato Grosso,Março,95,1/1/2014
2015,Mato Grosso,Março,190,1/1/2015
2016,Mato Grosso,Março,143,1/1/2016
2017,Mato Grosso,Março,170,1/1/2017
2013,Mato Grosso,Abril,78,1/1/2013
2014,Mato Grosso,Abril,129,1/1/2014
2015,Mato Grosso,Abril,65,1/1/2015
2016,Mato Grosso,Abril,161,1/1/2016
2017,Mato Grosso,Abril,59,1/1/2017
2013,Mato Grosso,Maio,72,1/1/2013
2014,Mato Grosso,Maio,70,1/1/2014
2015,Mato Grosso,Maio,58,1/1/2015
2016,Mato Grosso,Maio,97,1/1/2016
2017,Mato Grosso,Maio,72,1/1/2017
2013,Mato Grosso,Junho,35,1/1/2013
2014,Mato Grosso,Junho,84,1/1/2014
2015,Mato Grosso,Junho,299,1/1/2015
2016,Mato Grosso,Junho,120,1/1/2016
2017,Mato Grosso,Junho,175,1/1/2017
2013,Mato Grosso,Julho,201,1/1/2013
2014,Mato Grosso,Julho,193,1/1/2014
2015,Mato Grosso,Julho,371,1/1/2015
2016,Mato Grosso,Julho,687,1/1/2016
2017,Mato Grosso,Julho,1.05,1/1/2017
2013,Mato Grosso,Agosto,677,1/1/2013
2014,Mato Grosso,Agosto,312,1/1/2014
2015,Mato Grosso,Agosto,1.293,1/1/2015
2016,Mato Grosso,Agosto,1.481,1/1/2016
2017,Mato Grosso,Agosto,1.488,1/1/2017
2013,Mato Grosso,Setembro,1.074,1/1/2013
2014,Mato Grosso,Setembro,365,1/1/2014
2015,Mato Grosso,Setembro,1.482,1/1/2015
2016,Mato Grosso,Setembro,2.383,1/1/2016
2017,Mato Grosso,Setembro,2.984,1/1/2017
2013,Mato Grosso,Outubro,378,1/1/2013
2014,Mato Grosso,Outubro,581,1/1/2014
2015,Mato Grosso,Outubro,507,1/1/2015
2016,Mato Grosso,Outubro,1.2,1/1/2016
2017,Mato Grosso,Outubro,685,1/1/2017
2013,Mato Grosso,Novembro,423,1/1/2013
2014,Mato Grosso,Novembro,190,1/1/2014
2015,Mato Grosso,Novembro,276,1/1/2015
2016,Mato Grosso,Novembro,258,1/1/2016
2017,Mato Grosso,Novembro,133,1/1/2017
2013,Mato Grosso,Dezembro,195,1/1/2013
2014,Mato Grosso,Dezembro,84,1/1/2014
2015,Mato Grosso,Dezembro,394,1/1/2015
2016,Mato Grosso,Dezembro,123,1/1/2016
2013,Minas Gerais,Janeiro,75,1/1/2013
2014,Minas Gerais,Janeiro,133,1/1/2014
2015,Minas Gerais,Janeiro,147,1/1/2015
2016,Minas Gerais,Janeiro,61,1/1/2016
2017,Minas Gerais,Janeiro,106,1/1/2017
2013,Minas Gerais,Fevereiro,143,1/1/2013
2014,Minas Gerais,Fevereiro,157,1/1/2014
2015,Minas Gerais,Fevereiro,84,1/1/2015
2016,Minas Gerais,Fevereiro,207,1/1/2016
2017,Minas Gerais,Fevereiro,61,1/1/2017
2013,Minas Gerais,Março,110,1/1/2013
2014,Minas Gerais,Março,77,1/1/2014
2015,Minas Gerais,Março,80,1/1/2015
2016,Minas Gerais,Março,123,1/1/2016
2017,Minas Gerais,Março,105,1/1/2017
2013,Minas Gerais,Abril,61,1/1/2013
2014,Minas Gerais,Abril,161,1/1/2014
2015,Minas Gerais,Abril,109,1/1/2015
2016,Minas Gerais,Abril,172,1/1/2016
2017,Minas Gerais,Abril,69,1/1/2017
2013,Minas Gerais,Maio,150,1/1/2013
2014,Minas Gerais,Maio,224,1/1/2014
2015,Minas Gerais,Maio,114,1/1/2015
2016,Minas Gerais,Maio,186,1/1/2016
2017,Minas Gerais,Maio,125,1/1/2017
2013,Minas Gerais,Junho,144,1/1/2013
2014,Minas Gerais,Junho,376,1/1/2014
2015,Minas Gerais,Junho,200,1/1/2015
2016,Minas Gerais,Junho,263,1/1/2016
2017,Minas Gerais,Junho,360,1/1/2017
2013,Minas Gerais,Julho,462,1/1/2013
2014,Minas Gerais,Julho,559,1/1/2014
2015,Minas Gerais,Julho,288,1/1/2015
2016,Minas Gerais,Julho,1.004,1/1/2016
2017,Minas Gerais,Julho,610,1/1/2017
2013,Minas Gerais,Agosto,911,1/1/2013
2014,Minas Gerais,Agosto,1.952,1/1/2014
2015,Minas Gerais,Agosto,1.059,1/1/2015
2016,Minas Gerais,Agosto,1.433,1/1/2016
2017,Minas Gerais,Agosto,2.142,1/1/2017
2013,Minas Gerais,Setembro,1.656,1/1/2013
2014,Minas Gerais,Setembro,3.454,1/1/2014
2015,Minas Gerais,Setembro,3.088,1/1/2015
2016,Minas Gerais,Setembro,2.093,1/1/2016
2017,Minas Gerais,Setembro,4.697,1/1/2017
2013,Minas Gerais,Outubro,1.221,1/1/2013
2014,Minas Gerais,Outubro,4.735,1/1/2014
2015,Minas Gerais,Outubro,3.708,1/1/2015
2016,Minas Gerais,Outubro,948,1/1/2016
2017,Minas Gerais,Outubro,3.062,1/1/2017
2013,Minas Gerais,Novembro,277,1/1/2013
2014,Minas Gerais,Novembro,398,1/1/2014
2015,Minas Gerais,Novembro,1.453,1/1/2015
2016,Minas Gerais,Novembro,126,1/1/2016
2017,Minas Gerais,Novembro,136,1/1/2017
2013,Minas Gerais,Dezembro,98,1/1/2013
2014,Minas Gerais,Dezembro,155,1/1/2014
2015,Minas Gerais,Dezembro,295,1/1/2015
2016,Minas Gerais,Dezembro,91,1/1/2016
2013,Pará,Janeiro,167,1/1/2013
2014,Pará,Janeiro,251,1/1/2014
2015,Pará,Janeiro,725,1/1/2015
2016,Pará,Janeiro,1.322,1/1/2016
2017,Pará,Janeiro,219,1/1/2017
2013,Pará,Fevereiro,30,1/1/2013
2014,Pará,Fevereiro,37,1/1/2014
2015,Pará,Fevereiro,108,1/1/2015
2016,Pará,Fevereiro,430,1/1/2016
2017,Pará,Fevereiro,14,1/1/2017
2013,Pará,Março,19,1/1/2013
2014,Pará,Março,34,1/1/2014
2015,Pará,Março,61,1/1/2015
2016,Pará,Março,81,1/1/2016
2017,Pará,Março,42,1/1/2017
2013,Pará,Abril,20,1/1/2013
2014,Pará,Abril,27,1/1/2014
2015,Pará,Abril,27,1/1/2015
2016,Pará,Abril,66,1/1/2016
2017,Pará,Abril,45,1/1/2017
2013,Pará,Maio,42,1/1/2013
2014,Pará,Maio,70,1/1/2014
2015,Pará,Maio,95,1/1/2015
2016,Pará,Maio,154,1/1/2016
2017,Pará,Maio,114,1/1/2017
2013,Pará,Junho,173,1/1/2013
2014,Pará,Junho,319,1/1/2014
2015,Pará,Junho,265,1/1/2015
2016,Pará,Junho,502,1/1/2016
2017,Pará,Junho,679,1/1/2017
2013,Pará,Julho,447,1/1/2013
2014,Pará,Julho,825,1/1/2014
2015,Pará,Julho,906,1/1/2015
2016,Pará,Julho,1.579,1/1/2016
2017,Pará,Julho,4.985,1/1/2017
2013,Pará,Agosto,2.161,1/1/2013
2014,Pará,Agosto,8.555,1/1/2014
2015,Pará,Agosto,7.913,1/1/2015
2016,Pará,Agosto,4.863,1/1/2016
2017,Pará,Agosto,11.962,1/1/2017
2013,Pará,Setembro,3.36,1/1/2013
2014,Pará,Setembro,6.787,1/1/2014
2015,Pará,Setembro,11.068,1/1/2015
2016,Pará,Setembro,3.953,1/1/2016
2017,Pará,Setembro,25.004,1/1/2017
2013,Pará,Outubro,4.921,1/1/2013
2014,Pará,Outubro,6.448,1/1/2014
2015,Pará,Outubro,7.781,1/1/2015
2016,Pará,Outubro,5.281,1/1/2016
2017,Pará,Outubro,7.628,1/1/2017
2013,Pará,Novembro,3.688,1/1/2013
2014,Pará,Novembro,7.767,1/1/2014
2015,Pará,Novembro,9.643,1/1/2015
2016,Pará,Novembro,7.879,1/1/2016
2017,Pará,Novembro,9.079,1/1/2017
2013,Pará,Dezembro,5.514,1/1/2013
2014,Pará,Dezembro,4.828,1/1/2014
2015,Pará,Dezembro,6.61,1/1/2015
2016,Pará,Dezembro,3.3,1/1/2016
2013,Paraiba,Janeiro,38,1/1/2013
2014,Paraiba,Janeiro,75,1/1/2014
2015,Paraiba,Janeiro,42,1/1/2015
2016,Paraiba,Janeiro,18,1/1/2016
2017,Paraiba,Janeiro,23,1/1/2017
2013,Paraiba,Fevereiro,9,1/1/2013
2014,Paraiba,Fevereiro,6,1/1/2014
2015,Paraiba,Fevereiro,15,1/1/2015
2016,Paraiba,Fevereiro,4,1/1/2016
2017,Paraiba,Fevereiro,8,1/1/2017
2013,Paraiba,Março,3,1/1/2013
2014,Paraiba,Março,18,1/1/2014
2015,Paraiba,Março,7,1/1/2015
2016,Paraiba,Março,1,1/1/2016
2017,Paraiba,Março,2,1/1/2017
2013,Paraiba,Abril,6,1/1/2013
2014,Paraiba,Abril,8,1/1/2014
2015,Paraiba,Abril,11,1/1/2015
2016,Paraiba,Abril,1,1/1/2016
2017,Paraiba,Abril,1,1/1/2017
2013,Paraiba,Maio,3,1/1/2013
2014,Paraiba,Maio,1,1/1/2014
2015,Paraiba,Maio,6,1/1/2015
2016,Paraiba,Maio,1,1/1/2016
2017,Paraiba,Maio,1,1/1/2017
2013,Paraiba,Junho,3,1/1/2013
2014,Paraiba,Junho,1,1/1/2014
2015,Paraiba,Junho,0,1/1/2015
2016,Paraiba,Junho,4,1/1/2016
2017,Paraiba,Junho,0,1/1/2017
2013,Paraiba,Julho,1,1/1/2013
2014,Paraiba,Julho,9,1/1/2014
2015,Paraiba,Julho,3,1/1/2015
2016,Paraiba,Julho,22,1/1/2016
2017,Paraiba,Julho,2,1/1/2017
2013,Paraiba,Agosto,3,1/1/2013
2014,Paraiba,Agosto,30,1/1/2014
2015,Paraiba,Agosto,5,1/1/2015
2016,Paraiba,Agosto,50,1/1/2016
2017,Paraiba,Agosto,3,1/1/2017
2013,Paraiba,Setembro,25,1/1/2013
2014,Paraiba,Setembro,51,1/1/2014
2015,Paraiba,Setembro,48,1/1/2015
2016,Paraiba,Setembro,131,1/1/2016
2017,Paraiba,Setembro,30,1/1/2017
2013,Paraiba,Outubro,58,1/1/2013
2014,Paraiba,Outubro,70,1/1/2014
2015,Paraiba,Outubro,121,1/1/2015
2016,Paraiba,Outubro,304,1/1/2016
2017,Paraiba,Outubro,123,1/1/2017
2013,Paraiba,Novembro,95,1/1/2013
2014,Paraiba,Novembro,111,1/1/2014
2015,Paraiba,Novembro,206,1/1/2015
2016,Paraiba,Novembro,132,1/1/2016
2017,Paraiba,Novembro,101,1/1/2017
2013,Paraiba,Dezembro,78,1/1/2013
2014,Paraiba,Dezembro,62,1/1/2014
2015,Paraiba,Dezembro,122,1/1/2015
2016,Paraiba,Dezembro,8,1/1/2016
2013,Paraiba,Janeiro,28,1/1/2013
2014,Paraiba,Janeiro,86,1/1/2014
2015,Paraiba,Janeiro,120,1/1/2015
2016,Paraiba,Janeiro,113,1/1/2016
2017,Paraiba,Janeiro,55,1/1/2017
2013,Paraiba,Fevereiro,9,1/1/2013
2014,Paraiba,Fevereiro,52,1/1/2014
2015,Paraiba,Fevereiro,58,1/1/2015
2016,Paraiba,Fevereiro,31,1/1/2016
2017,Paraiba,Fevereiro,60,1/1/2017
2013,Paraiba,Março,18,1/1/2013
2014,Paraiba,Março,42,1/1/2014
2015,Paraiba,Março,55,1/1/2015
2016,Paraiba,Março,63,1/1/2016
2017,Paraiba,Março,43,1/1/2017
2013,Paraiba,Abril,72,1/1/2013
2014,Paraiba,Abril,38,1/1/2014
2015,Paraiba,Abril,83,1/1/2015
2016,Paraiba,Abril,167,1/1/2016
2017,Paraiba,Abril,77,1/1/2017
2013,Paraiba,Maio,85,1/1/2013
2014,Paraiba,Maio,109,1/1/2014
2015,Paraiba,Maio,77,1/1/2015
2016,Paraiba,Maio,72,1/1/2016
2017,Paraiba,Maio,49,1/1/2017
2013,Paraiba,Junho,52,1/1/2013
2014,Paraiba,Junho,112,1/1/2014
2015,Paraiba,Junho,201,1/1/2015
2016,Paraiba,Junho,238,1/1/2016
2017,Paraiba,Junho,169,1/1/2017
2013,Paraiba,Julho,168,1/1/2013
2014,Paraiba,Julho,215,1/1/2014
2015,Paraiba,Julho,137,1/1/2015
2016,Paraiba,Julho,504,1/1/2016
2017,Paraiba,Julho,891,1/1/2017
2013,Paraiba,Agosto,481,1/1/2013
2014,Paraiba,Agosto,646,1/1/2014
2015,Paraiba,Agosto,651,1/1/2015
2016,Paraiba,Agosto,1.01,1/1/2016
2017,Paraiba,Agosto,987,1/1/2017
2013,Paraiba,Setembro,476,1/1/2013
2014,Paraiba,Setembro,443,1/1/2014
2015,Paraiba,Setembro,599,1/1/2015
2016,Paraiba,Setembro,1.371,1/1/2016
2017,Paraiba,Setembro,1.706,1/1/2017
2013,Paraiba,Outubro,233,1/1/2013
2014,Paraiba,Outubro,411,1/1/2014
2015,Paraiba,Outubro,158,1/1/2015
2016,Paraiba,Outubro,193,1/1/2016
2017,Paraiba,Outubro,134,1/1/2017
2013,Paraiba,Novembro,126,1/1/2013
2014,Paraiba,Novembro,68,1/1/2014
2015,Paraiba,Novembro,18,1/1/2015
2016,Paraiba,Novembro,275,1/1/2016
2017,Paraiba,Novembro,292,1/1/2017
2013,Paraiba,Dezembro,155,1/1/2013
2014,Paraiba,Dezembro,78,1/1/2014
2015,Paraiba,Dezembro,30,1/1/2015
2016,Paraiba,Dezembro,45,1/1/2016
2013,Pernambuco,Janeiro,55,1/1/2013
2014,Pernambuco,Janeiro,99,1/1/2014
2015,Pernambuco,Janeiro,109,1/1/2015
2016,Pernambuco,Janeiro,24,1/1/2016
2017,Pernambuco,Janeiro,52,1/1/2017
2013,Pernambuco,Fevereiro,29,1/1/2013
2014,Pernambuco,Fevereiro,25,1/1/2014
2015,Pernambuco,Fevereiro,55,1/1/2015
2016,Pernambuco,Fevereiro,19,1/1/2016
2017,Pernambuco,Fevereiro,23,1/1/2017
2013,Pernambuco,Março,40,1/1/2013
2014,Pernambuco,Março,36,1/1/2014
2015,Pernambuco,Março,33,1/1/2015
2016,Pernambuco,Março,4,1/1/2016
2017,Pernambuco,Março,7,1/1/2017
2013,Pernambuco,Abril,11,1/1/2013
2014,Pernambuco,Abril,10,1/1/2014
2015,Pernambuco,Abril,30,1/1/2015
2016,Pernambuco,Abril,8,1/1/2016
2017,Pernambuco,Abril,9,1/1/2017
2013,Pernambuco,Maio,9,1/1/2013
2014,Pernambuco,Maio,4,1/1/2014
2015,Pernambuco,Maio,17,1/1/2015
2016,Pernambuco,Maio,6,1/1/2016
2017,Pernambuco,Maio,13,1/1/2017
2013,Pernambuco,Junho,12,1/1/2013
2014,Pernambuco,Junho,3,1/1/2014
2015,Pernambuco,Junho,3,1/1/2015
2016,Pernambuco,Junho,4,1/1/2016
2017,Pernambuco,Junho,5,1/1/2017
2013,Pernambuco,Julho,4,1/1/2013
2014,Pernambuco,Julho,11,1/1/2014
2015,Pernambuco,Julho,13,1/1/2015
2016,Pernambuco,Julho,17,1/1/2016
2017,Pernambuco,Julho,2,1/1/2017
2013,Pernambuco,Agosto,14,1/1/2013
2014,Pernambuco,Agosto,23,1/1/2014
2015,Pernambuco,Agosto,21,1/1/2015
2016,Pernambuco,Agosto,42,1/1/2016
2017,Pernambuco,Agosto,20,1/1/2017
2013,Pernambuco,Setembro,143,1/1/2013
2014,Pernambuco,Setembro,63,1/1/2014
2015,Pernambuco,Setembro,116,1/1/2015
2016,Pernambuco,Setembro,171,1/1/2016
2017,Pernambuco,Setembro,69,1/1/2017
2013,Pernambuco,Outubro,161,1/1/2013
2014,Pernambuco,Outubro,174,1/1/2014
2015,Pernambuco,Outubro,194,1/1/2015
2016,Pernambuco,Outubro,319,1/1/2016
2017,Pernambuco,Outubro,256,1/1/2017
2013,Pernambuco,Novembro,110,1/1/2013
2014,Pernambuco,Novembro,111,1/1/2014
2015,Pernambuco,Novembro,315,1/1/2015
2016,Pernambuco,Novembro,191,1/1/2016
2017,Pernambuco,Novembro,66,1/1/2017
2013,Pernambuco,Dezembro,141,1/1/2013
2014,Pernambuco,Dezembro,101,1/1/2014
2015,Pernambuco,Dezembro,176,1/1/2015
2016,Pernambuco,Dezembro,161,1/1/2016
2013,Piau,Janeiro,72,1/1/2013
2014,Piau,Janeiro,79,1/1/2014
2015,Piau,Janeiro,92,1/1/2015
2016,Piau,Janeiro,94,1/1/2016
2017,Piau,Janeiro,85,1/1/2017
2013,Piau,Fevereiro,68,1/1/2013
2014,Piau,Fevereiro,14,1/1/2014
2015,Piau,Fevereiro,38,1/1/2015
2016,Piau,Fevereiro,97,1/1/2016
2017,Piau,Fevereiro,24,1/1/2017
2013,Piau,Março,14,1/1/2013
2014,Piau,Março,88,1/1/2014
2015,Piau,Março,35,1/1/2015
2016,Piau,Março,53,1/1/2016
2017,Piau,Março,25,1/1/2017
2013,Piau,Abril,34,1/1/2013
2014,Piau,Abril,63,1/1/2014
2015,Piau,Abril,50,1/1/2015
2016,Piau,Abril,35,1/1/2016
2017,Piau,Abril,25,1/1/2017
2013,Piau,Maio,40,1/1/2013
2014,Piau,Maio,138,1/1/2014
2015,Piau,Maio,66,1/1/2015
2016,Piau,Maio,60,1/1/2016
2017,Piau,Maio,36,1/1/2017
2013,Piau,Junho,263,1/1/2013
2014,Piau,Junho,373,1/1/2014
2015,Piau,Junho,283,1/1/2015
2016,Piau,Junho,153,1/1/2016
2017,Piau,Junho,193,1/1/2017
2013,Piau,Julho,361,1/1/2013
2014,Piau,Julho,1.177,1/1/2014
2015,Piau,Julho,690,1/1/2015
2016,Piau,Julho,754,1/1/2016
2017,Piau,Julho,643,1/1/2017
2013,Piau,Agosto,1.015,1/1/2013
2014,Piau,Agosto,2.265,1/1/2014
2015,Piau,Agosto,2.057,1/1/2015
2016,Piau,Agosto,1.647,1/1/2016
2017,Piau,Agosto,1.572,1/1/2017
2013,Piau,Setembro,2.311,1/1/2013
2014,Piau,Setembro,2.536,1/1/2014
2015,Piau,Setembro,5.828,1/1/2015
2016,Piau,Setembro,1.394,1/1/2016
2017,Piau,Setembro,3.422,1/1/2017
2013,Piau,Outubro,1.269,1/1/2013
2014,Piau,Outubro,1.788,1/1/2014
2015,Piau,Outubro,4.068,1/1/2015
2016,Piau,Outubro,2.598,1/1/2016
2017,Piau,Outubro,3.004,1/1/2017
2013,Piau,Novembro,640,1/1/2013
2014,Piau,Novembro,717,1/1/2014
2015,Piau,Novembro,897,1/1/2015
2016,Piau,Novembro,1.126,1/1/2016
2017,Piau,Novembro,449,1/1/2017
2013,Piau,Dezembro,468,1/1/2013
2014,Piau,Dezembro,346,1/1/2014
2015,Piau,Dezembro,626,1/1/2015
2016,Piau,Dezembro,374,1/1/2016
2013,Rio,Janeiro,9,1/1/2013
2014,Rio,Janeiro,35,1/1/2014
2015,Rio,Janeiro,97,1/1/2015
2016,Rio,Janeiro,9,1/1/2016
2017,Rio,Janeiro,15,1/1/2017
2013,Rio,Fevereiro,12,1/1/2013
2014,Rio,Fevereiro,116,1/1/2014
2015,Rio,Fevereiro,36,1/1/2015
2016,Rio,Fevereiro,16,1/1/2016
2017,Rio,Fevereiro,34,1/1/2017
2013,Rio,Março,9,1/1/2013
2014,Rio,Março,38,1/1/2014
2015,Rio,Março,23,1/1/2015
2016,Rio,Março,16,1/1/2016
2017,Rio,Março,10,1/1/2017
2013,Rio,Abril,9,1/1/2013
2014,Rio,Abril,25,1/1/2014
2015,Rio,Abril,24,1/1/2015
2016,Rio,Abril,45,1/1/2016
2017,Rio,Abril,12,1/1/2017
2013,Rio,Maio,16,1/1/2013
2014,Rio,Maio,20,1/1/2014
2015,Rio,Maio,21,1/1/2015
2016,Rio,Maio,30,1/1/2016
2017,Rio,Maio,15,1/1/2017
2013,Rio,Junho,17,1/1/2013
2014,Rio,Junho,54,1/1/2014
2015,Rio,Junho,33,1/1/2015
2016,Rio,Junho,37,1/1/2016
2017,Rio,Junho,68,1/1/2017
2013,Rio,Julho,58,1/1/2013
2014,Rio,Julho,62,1/1/2014
2015,Rio,Julho,74,1/1/2015
2016,Rio,Julho,131,1/1/2016
2017,Rio,Julho,70,1/1/2017
2013,Rio,Agosto,74,1/1/2013
2014,Rio,Agosto,199,1/1/2014
2015,Rio,Agosto,158,1/1/2015
2016,Rio,Agosto,241,1/1/2016
2017,Rio,Agosto,164,1/1/2017
2013,Rio,Setembro,117,1/1/2013
2014,Rio,Setembro,318,1/1/2014
2015,Rio,Setembro,85,1/1/2015
2016,Rio,Setembro,195,1/1/2016
2017,Rio,Setembro,728,1/1/2017
2013,Rio,Outubro,44,1/1/2013
2014,Rio,Outubro,500,1/1/2014
2015,Rio,Outubro,96,1/1/2015
2016,Rio,Outubro,30,1/1/2016
2017,Rio,Outubro,238,1/1/2017
2013,Rio,Novembro,28,1/1/2013
2014,Rio,Novembro,36,1/1/2014
2015,Rio,Novembro,6,1/1/2015
2016,Rio,Novembro,19,1/1/2016
2017,Rio,Novembro,43,1/1/2017
2013,Rio,Dezembro,12,1/1/2013
2014,Rio,Dezembro,25,1/1/2014
2015,Rio,Dezembro,11,1/1/2015
2016,Rio,Dezembro,5,1/1/2016
2013,Rio,Janeiro,25,1/1/2013
2014,Rio,Janeiro,34,1/1/2014
2015,Rio,Janeiro,45,1/1/2015
2016,Rio,Janeiro,15,1/1/2016
2017,Rio,Janeiro,28,1/1/2017
2013,Rio,Fevereiro,24,1/1/2013
2014,Rio,Fevereiro,8,1/1/2014
2015,Rio,Fevereiro,15,1/1/2015
2016,Rio,Fevereiro,2,1/1/2016
2017,Rio,Fevereiro,10,1/1/2017
2013,Rio,Março,6,1/1/2013
2014,Rio,Março,6,1/1/2014
2015,Rio,Março,3,1/1/2015
2016,Rio,Março,1,1/1/2016
2017,Rio,Março,3,1/1/2017
2013,Rio,Abril,7,1/1/2013
2014,Rio,Abril,2,1/1/2014
2015,Rio,Abril,4,1/1/2015
2016,Rio,Abril,0,1/1/2016
2017,Rio,Abril,6,1/1/2017
2013,Rio,Maio,2,1/1/2013
2014,Rio,Maio,2,1/1/2014
2015,Rio,Maio,4,1/1/2015
2016,Rio,Maio,1,1/1/2016
2017,Rio,Maio,2,1/1/2017
2013,Rio,Junho,1,1/1/2013
2014,Rio,Junho,2,1/1/2014
2015,Rio,Junho,5,1/1/2015
2016,Rio,Junho,4,1/1/2016
2017,Rio,Junho,3,1/1/2017
2013,Rio,Julho,0,1/1/2013
2014,Rio,Julho,2,1/1/2014
2015,Rio,Julho,3,1/1/2015
2016,Rio,Julho,13,1/1/2016
2017,Rio,Julho,4,1/1/2017
2013,Rio,Agosto,2,1/1/2013
2014,Rio,Agosto,21,1/1/2014
2015,Rio,Agosto,16,1/1/2015
2016,Rio,Agosto,24,1/1/2016
2017,Rio,Agosto,21,1/1/2017
2013,Rio,Setembro,7,1/1/2013
2014,Rio,Setembro,30,1/1/2014
2015,Rio,Setembro,36,1/1/2015
2016,Rio,Setembro,44,1/1/2016
2017,Rio,Setembro,48,1/1/2017
2013,Rio,Outubro,71,1/1/2013
2014,Rio,Outubro,75,1/1/2014
2015,Rio,Outubro,129,1/1/2015
2016,Rio,Outubro,129,1/1/2016
2017,Rio,Outubro,85,1/1/2017
2013,Rio,Novembro,77,1/1/2013
2014,Rio,Novembro,124,1/1/2014
2015,Rio,Novembro,105,1/1/2015
2016,Rio,Novembro,93,1/1/2016
2017,Rio,Novembro,89,1/1/2017
2013,Rio,Dezembro,46,1/1/2013
2014,Rio,Dezembro,47,1/1/2014
2015,Rio,Dezembro,74,1/1/2015
2016,Rio,Dezembro,75,1/1/2016
2013,Rio,Janeiro,22,1/1/2013
2014,Rio,Janeiro,53,1/1/2014
2015,Rio,Janeiro,51,1/1/2015
2016,Rio,Janeiro,68,1/1/2016
2017,Rio,Janeiro,28,1/1/2017
2013,Rio,Fevereiro,43,1/1/2013
2014,Rio,Fevereiro,37,1/1/2014
2015,Rio,Fevereiro,41,1/1/2015
2016,Rio,Fevereiro,55,1/1/2016
2017,Rio,Fevereiro,31,1/1/2017
2013,Rio,Março,44,1/1/2013
2014,Rio,Março,58,1/1/2014
2015,Rio,Março,108,1/1/2015
2016,Rio,Março,30,1/1/2016
2017,Rio,Março,34,1/1/2017
2013,Rio,Abril,47,1/1/2013
2014,Rio,Abril,60,1/1/2014
2015,Rio,Abril,175,1/1/2015
2016,Rio,Abril,32,1/1/2016
2017,Rio,Abril,51,1/1/2017
2013,Rio,Maio,14,1/1/2013
2014,Rio,Maio,63,1/1/2014
2015,Rio,Maio,169,1/1/2015
2016,Rio,Maio,37,1/1/2016
2017,Rio,Maio,43,1/1/2017
2013,Rio,Junho,10,1/1/2013
2014,Rio,Junho,62,1/1/2014
2015,Rio,Junho,68,1/1/2015
2016,Rio,Junho,261,1/1/2016
2017,Rio,Junho,103,1/1/2017
2013,Rio,Julho,42,1/1/2013
2014,Rio,Julho,209,1/1/2014
2015,Rio,Julho,60,1/1/2015
2016,Rio,Julho,865,1/1/2016
2017,Rio,Julho,885,1/1/2017
2013,Rio,Agosto,156,1/1/2013
2014,Rio,Agosto,1.168,1/1/2014
2015,Rio,Agosto,414,1/1/2015
2016,Rio,Agosto,1.111,1/1/2016
2017,Rio,Agosto,819,1/1/2017
2013,Rio,Setembro,290,1/1/2013
2014,Rio,Setembro,224,1/1/2014
2015,Rio,Setembro,222,1/1/2015
2016,Rio,Setembro,628,1/1/2016
2017,Rio,Setembro,343,1/1/2017
2013,Rio,Outubro,104,1/1/2013
2014,Rio,Outubro,110,1/1/2014
2015,Rio,Outubro,70,1/1/2015
2016,Rio,Outubro,93,1/1/2016
2017,Rio,Outubro,101,1/1/2017
2013,Rio,Novembro,110,1/1/2013
2014,Rio,Novembro,68,1/1/2014
2015,Rio,Novembro,30,1/1/2015
2016,Rio,Novembro,105,1/1/2016
2017,Rio,Novembro,137,1/1/2017
2013,Rio,Dezembro,62,1/1/2013
2014,Rio,Dezembro,31,1/1/2014
2015,Rio,Dezembro,42,1/1/2015
2016,Rio,Dezembro,79,1/1/2016
2013,Rondonia,Janeiro,7,1/1/2013
2014,Rondonia,Janeiro,12,1/1/2014
2015,Rondonia,Janeiro,30,1/1/2015
2016,Rondonia,Janeiro,93,1/1/2016
2017,Rondonia,Janeiro,44,1/1/2017
2013,Rondonia,Fevereiro,8,1/1/2013
2014,Rondonia,Fevereiro,5,1/1/2014
2015,Rondonia,Fevereiro,22,1/1/2015
2016,Rondonia,Fevereiro,88,1/1/2016
2017,Rondonia,Fevereiro,10,1/1/2017
2013,Rondonia,Março,23,1/1/2013
2014,Rondonia,Março,13,1/1/2014
2015,Rondonia,Março,15,1/1/2015
2016,Rondonia,Março,25,1/1/2016
2017,Rondonia,Março,21,1/1/2017
2013,Rondonia,Abril,9,1/1/2013
2014,Rondonia,Abril,15,1/1/2014
2015,Rondonia,Abril,15,1/1/2015
2016,Rondonia,Abril,59,1/1/2016
2017,Rondonia,Abril,19,1/1/2017
2013,Rondonia,Maio,9,1/1/2013
2014,Rondonia,Maio,28,1/1/2014
2015,Rondonia,Maio,13,1/1/2015
2016,Rondonia,Maio,44,1/1/2016
2017,Rondonia,Maio,31,1/1/2017
2013,Rondonia,Junho,22,1/1/2013
2014,Rondonia,Junho,92,1/1/2014
2015,Rondonia,Junho,119,1/1/2015
2016,Rondonia,Junho,170,1/1/2016
2017,Rondonia,Junho,192,1/1/2017
2013,Rondonia,Julho,117,1/1/2013
2014,Rondonia,Julho,192,1/1/2014
2015,Rondonia,Julho,423,1/1/2015
2016,Rondonia,Julho,969,1/1/2016
2017,Rondonia,Julho,1.28,1/1/2017
2013,Rondonia,Agosto,885,1/1/2013
2014,Rondonia,Agosto,3.038,1/1/2014
2015,Rondonia,Agosto,3.762,1/1/2015
2016,Rondonia,Agosto,3.675,1/1/2016
2017,Rondonia,Agosto,4.287,1/1/2017
2013,Rondonia,Setembro,1.776,1/1/2013
2014,Rondonia,Setembro,2.8,1/1/2014
2015,Rondonia,Setembro,6.129,1/1/2015
2016,Rondonia,Setembro,4.208,1/1/2016
2017,Rondonia,Setembro,5.638,1/1/2017
2013,Rondonia,Outubro,555,1/1/2013
2014,Rondonia,Outubro,1.063,1/1/2014
2015,Rondonia,Outubro,2.598,1/1/2015
2016,Rondonia,Outubro,1.844,1/1/2016
2017,Rondonia,Outubro,2.19,1/1/2017
2013,Rondonia,Novembro,108,1/1/2013
2014,Rondonia,Novembro,202,1/1/2014
2015,Rondonia,Novembro,1.002,1/1/2015
2016,Rondonia,Novembro,401,1/1/2016
2017,Rondonia,Novembro,372,1/1/2017
2013,Rondonia,Dezembro,143,1/1/2013
2014,Rondonia,Dezembro,144,1/1/2014
2015,Rondonia,Dezembro,282,1/1/2015
2016,Rondonia,Dezembro,148,1/1/2016
2013,Roraima,Janeiro,397,1/1/2013
2014,Roraima,Janeiro,355,1/1/2014
2015,Roraima,Janeiro,330,1/1/2015
2016,Roraima,Janeiro,1.754,1/1/2016
2017,Roraima,Janeiro,108,1/1/2017
2013,Roraima,Fevereiro,62,1/1/2013
2014,Roraima,Fevereiro,226,1/1/2014
2015,Roraima,Fevereiro,418,1/1/2015
2016,Roraima,Fevereiro,171,1/1/2016
2017,Roraima,Fevereiro,129,1/1/2017
2013,Roraima,Março,179,1/1/2013
2014,Roraima,Março,494,1/1/2014
2015,Roraima,Março,163,1/1/2015
2016,Roraima,Março,1.081,1/1/2016
2017,Roraima,Março,216,1/1/2017
2013,Roraima,Abril,87,1/1/2013
2014,Roraima,Abril,162,1/1/2014
2015,Roraima,Abril,278,1/1/2015
2016,Roraima,Abril,126,1/1/2016
2017,Roraima,Abril,51,1/1/2017
2013,Roraima,Maio,4,1/1/2013
2014,Roraima,Maio,58,1/1/2014
2015,Roraima,Maio,12,1/1/2015
2016,Roraima,Maio,22,1/1/2016
2017,Roraima,Maio,29,1/1/2017
2013,Roraima,Junho,6,1/1/2013
2014,Roraima,Junho,4,1/1/2014
2015,Roraima,Junho,3,1/1/2015
2016,Roraima,Junho,7,1/1/2016
2017,Roraima,Junho,4,1/1/2017
2013,Roraima,Julho,4,1/1/2013
2014,Roraima,Julho,9,1/1/2014
2015,Roraima,Julho,5,1/1/2015
2016,Roraima,Julho,0,1/1/2016
2017,Roraima,Julho,3,1/1/2017
2013,Roraima,Agosto,3,1/1/2013
2014,Roraima,Agosto,12,1/1/2014
2015,Roraima,Agosto,11,1/1/2015
2016,Roraima,Agosto,11,1/1/2016
2017,Roraima,Agosto,35,1/1/2017
2013,Roraima,Setembro,18,1/1/2013
2014,Roraima,Setembro,67,1/1/2014
2015,Roraima,Setembro,77,1/1/2015
2016,Roraima,Setembro,19,1/1/2016
2017,Roraima,Setembro,43,1/1/2017
2013,Roraima,Outubro,63,1/1/2013
2014,Roraima,Outubro,61,1/1/2014
2015,Roraima,Outubro,181,1/1/2015
2016,Roraima,Outubro,101,1/1/2016
2017,Roraima,Outubro,156,1/1/2017
2013,Roraima,Novembro,106,1/1/2013
2014,Roraima,Novembro,143,1/1/2014
2015,Roraima,Novembro,280,1/1/2015
2016,Roraima,Novembro,71,1/1/2016
2017,Roraima,Novembro,327,1/1/2017
2013,Roraima,Dezembro,65,1/1/2013
2014,Roraima,Dezembro,277,1/1/2014
2015,Roraima,Dezembro,304,1/1/2015
2016,Roraima,Dezembro,136,1/1/2016
2013,Santa Catarina,Janeiro,18,1/1/2013
2014,Santa Catarina,Janeiro,58,1/1/2014
2015,Santa Catarina,Janeiro,28,1/1/2015
2016,Santa Catarina,Janeiro,53,1/1/2016
2017,Santa Catarina,Janeiro,46,1/1/2017
2013,Santa Catarina,Fevereiro,12,1/1/2013
2014,Santa Catarina,Fevereiro,27,1/1/2014
2015,Santa Catarina,Fevereiro,23,1/1/2015
2016,Santa Catarina,Fevereiro,10,1/1/2016
2017,Santa Catarina,Fevereiro,31,1/1/2017
2013,Santa Catarina,Março,14,1/1/2013
2014,Santa Catarina,Março,15,1/1/2014
2015,Santa Catarina,Março,37,1/1/2015
2016,Santa Catarina,Março,21,1/1/2016
2017,Santa Catarina,Março,12,1/1/2017
2013,Santa Catarina,Abril,46,1/1/2013
2014,Santa Catarina,Abril,34,1/1/2014
2015,Santa Catarina,Abril,32,1/1/2015
2016,Santa Catarina,Abril,36,1/1/2016
2017,Santa Catarina,Abril,26,1/1/2017
2013,Santa Catarina,Maio,52,1/1/2013
2014,Santa Catarina,Maio,42,1/1/2014
2015,Santa Catarina,Maio,70,1/1/2015
2016,Santa Catarina,Maio,26,1/1/2016
2017,Santa Catarina,Maio,36,1/1/2017
2013,Santa Catarina,Junho,31,1/1/2013
2014,Santa Catarina,Junho,3,1/1/2014
2015,Santa Catarina,Junho,104,1/1/2015
2016,Santa Catarina,Junho,79,1/1/2016
2017,Santa Catarina,Junho,70,1/1/2017
2013,Santa Catarina,Julho,69,1/1/2013
2014,Santa Catarina,Julho,82,1/1/2014
2015,Santa Catarina,Julho,45,1/1/2015
2016,Santa Catarina,Julho,480,1/1/2016
2017,Santa Catarina,Julho,591,1/1/2017
2013,Santa Catarina,Agosto,236,1/1/2013
2014,Santa Catarina,Agosto,459,1/1/2014
2015,Santa Catarina,Agosto,379,1/1/2015
2016,Santa Catarina,Agosto,765,1/1/2016
2017,Santa Catarina,Agosto,713,1/1/2017
2013,Santa Catarina,Setembro,303,1/1/2013
2014,Santa Catarina,Setembro,208,1/1/2014
2015,Santa Catarina,Setembro,156,1/1/2015
2016,Santa Catarina,Setembro,644,1/1/2016
2017,Santa Catarina,Setembro,626,1/1/2017
2013,Santa Catarina,Outubro,107,1/1/2013
2014,Santa Catarina,Outubro,122,1/1/2014
2015,Santa Catarina,Outubro,21,1/1/2015
2016,Santa Catarina,Outubro,56,1/1/2016
2017,Santa Catarina,Outubro,51,1/1/2017
2013,Santa Catarina,Novembro,84,1/1/2013
2014,Santa Catarina,Novembro,43,1/1/2014
2015,Santa Catarina,Novembro,9,1/1/2015
2016,Santa Catarina,Novembro,156,1/1/2016
2017,Santa Catarina,Novembro,152,1/1/2017
2013,Santa Catarina,Dezembro,74,1/1/2013
2014,Santa Catarina,Dezembro,45,1/1/2014
2015,Santa Catarina,Dezembro,19,1/1/2015
2016,Santa Catarina,Dezembro,20,1/1/2016
2013,Sao Paulo,Janeiro,36,1/1/2013
2014,Sao Paulo,Janeiro,99,1/1/2014
2015,Sao Paulo,Janeiro,120,1/1/2015
2016,Sao Paulo,Janeiro,85,1/1/2016
2017,Sao Paulo,Janeiro,28,1/1/2017
2013,Sao Paulo,Fevereiro,100,1/1/2013
2014,Sao Paulo,Fevereiro,112,1/1/2014
2015,Sao Paulo,Fevereiro,69,1/1/2015
2016,Sao Paulo,Fevereiro,188,1/1/2016
2017,Sao Paulo,Fevereiro,107,1/1/2017
2013,Sao Paulo,Março,57,1/1/2013
2014,Sao Paulo,Março,75,1/1/2014
2015,Sao Paulo,Março,68,1/1/2015
2016,Sao Paulo,Março,82,1/1/2016
2017,Sao Paulo,Março,103,1/1/2017
2013,Sao Paulo,Abril,103,1/1/2013
2014,Sao Paulo,Abril,103,1/1/2014
2015,Sao Paulo,Abril,76,1/1/2015
2016,Sao Paulo,Abril,307,1/1/2016
2017,Sao Paulo,Abril,41,1/1/2017
2013,Sao Paulo,Maio,118,1/1/2013
2014,Sao Paulo,Maio,181,1/1/2014
2015,Sao Paulo,Maio,65,1/1/2015
2016,Sao Paulo,Maio,139,1/1/2016
2017,Sao Paulo,Maio,43,1/1/2017
2013,Sao Paulo,Junho,47,1/1/2013
2014,Sao Paulo,Junho,331,1/1/2014
2015,Sao Paulo,Junho,147,1/1/2015
2016,Sao Paulo,Junho,197,1/1/2016
2017,Sao Paulo,Junho,217,1/1/2017
2013,Sao Paulo,Julho,181,1/1/2013
2014,Sao Paulo,Julho,476,1/1/2014
2015,Sao Paulo,Julho,149,1/1/2015
2016,Sao Paulo,Julho,687,1/1/2016
2017,Sao Paulo,Julho,802,1/1/2017
2013,Sao Paulo,Agosto,497,1/1/2013
2014,Sao Paulo,Agosto,1.458,1/1/2014
2015,Sao Paulo,Agosto,643,1/1/2015
2016,Sao Paulo,Agosto,797,1/1/2016
2017,Sao Paulo,Agosto,981,1/1/2017
2013,Sao Paulo,Setembro,560,1/1/2013
2014,Sao Paulo,Setembro,882,1/1/2014
2015,Sao Paulo,Setembro,368,1/1/2015
2016,Sao Paulo,Setembro,490,1/1/2016
2017,Sao Paulo,Setembro,2.868,1/1/2017
2013,Sao Paulo,Outubro,127,1/1/2013
2014,Sao Paulo,Outubro,887,1/1/2014
2015,Sao Paulo,Outubro,213,1/1/2015
2016,Sao Paulo,Outubro,177,1/1/2016
2017,Sao Paulo,Outubro,179,1/1/2017
2013,Sao Paulo,Novembro,120,1/1/2013
2014,Sao Paulo,Novembro,56,1/1/2014
2015,Sao Paulo,Novembro,21,1/1/2015
2016,Sao Paulo,Novembro,39,1/1/2016
2017,Sao Paulo,Novembro,37,1/1/2017
2013,Sao Paulo,Dezembro,109,1/1/2013
2014,Sao Paulo,Dezembro,57,1/1/2014
2015,Sao Paulo,Dezembro,45,1/1/2015
2016,Sao Paulo,Dezembro,47,1/1/2016
2013,Sergipe,Janeiro,34,1/1/2013
2014,Sergipe,Janeiro,20,1/1/2014
2015,Sergipe,Janeiro,44,1/1/2015
2016,Sergipe,Janeiro,9,1/1/2016
2017,Sergipe,Janeiro,31,1/1/2017
2013,Sergipe,Fevereiro,47,1/1/2013
2014,Sergipe,Fevereiro,18,1/1/2014
2015,Sergipe,Fevereiro,40,1/1/2015
2016,Sergipe,Fevereiro,22,1/1/2016
2017,Sergipe,Fevereiro,18,1/1/2017
2013,Sergipe,Março,67,1/1/2013
2014,Sergipe,Março,33,1/1/2014
2015,Sergipe,Março,49,1/1/2015
2016,Sergipe,Março,26,1/1/2016
2017,Sergipe,Março,16,1/1/2017
2013,Sergipe,Abril,15,1/1/2013
2014,Sergipe,Abril,7,1/1/2014
2015,Sergipe,Abril,35,1/1/2015
2016,Sergipe,Abril,14,1/1/2016
2017,Sergipe,Abril,8,1/1/2017
2013,Sergipe,Maio,1,1/1/2013
2014,Sergipe,Maio,1,1/1/2014
2015,Sergipe,Maio,11,1/1/2015
2016,Sergipe,Maio,9,1/1/2016
2017,Sergipe,Maio,1,1/1/2017
2013,Sergipe,Junho,1,1/1/2013
2014,Sergipe,Junho,0,1/1/2014
2015,Sergipe,Junho,3,1/1/2015
2016,Sergipe,Junho,1,1/1/2016
2017,Sergipe,Junho,0,1/1/2017
2013,Sergipe,Julho,0,1/1/2013
2014,Sergipe,Julho,0,1/1/2014
2015,Sergipe,Julho,0,1/1/2015
2016,Sergipe,Julho,0,1/1/2016
2017,Sergipe,Julho,0,1/1/2017
2013,Sergipe,Agosto,0,1/1/2013
2014,Sergipe,Agosto,0,1/1/2014
2015,Sergipe,Agosto,0,1/1/2015
2016,Sergipe,Agosto,6,1/1/2016
2017,Sergipe,Agosto,0,1/1/2017
2013,Sergipe,Setembro,1,1/1/2013
2014,Sergipe,Setembro,4,1/1/2014
2015,Sergipe,Setembro,1,1/1/2015
2016,Sergipe,Setembro,2,1/1/2016
2017,Sergipe,Setembro,0,1/1/2017
2013,Sergipe,Outubro,3,1/1/2013
2014,Sergipe,Outubro,3,1/1/2014
2015,Sergipe,Outubro,6,1/1/2015
2016,Sergipe,Outubro,10,1/1/2016
2017,Sergipe,Outubro,0,1/1/2017
2013,Sergipe,Novembro,7,1/1/2013
2014,Sergipe,Novembro,9,1/1/2014
2015,Sergipe,Novembro,47,1/1/2015
2016,Sergipe,Novembro,17,1/1/2016
2017,Sergipe,Novembro,1,1/1/2017
2013,Sergipe,Dezembro,9,1/1/2013
2014,Sergipe,Dezembro,9,1/1/2014
2015,Sergipe,Dezembro,63,1/1/2015
2016,Sergipe,Dezembro,36,1/1/2016
2013,Tocantins,Janeiro,50,1/1/2013
2014,Tocantins,Janeiro,89,1/1/2014
2015,Tocantins,Janeiro,186,1/1/2015
2016,Tocantins,Janeiro,42,1/1/2016
2017,Tocantins,Janeiro,61,1/1/2017
2013,Tocantins,Fevereiro,37,1/1/2013
2014,Tocantins,Fevereiro,73,1/1/2014
2015,Tocantins,Fevereiro,65,1/1/2015
2016,Tocantins,Fevereiro,383,1/1/2016
2017,Tocantins,Fevereiro,25,1/1/2017
2013,Tocantins,Março,60,1/1/2013
2014,Tocantins,Março,58,1/1/2014
2015,Tocantins,Março,85,1/1/2015
2016,Tocantins,Março,165,1/1/2016
2017,Tocantins,Março,98,1/1/2017
2013,Tocantins,Abril,130,1/1/2013
2014,Tocantins,Abril,187,1/1/2014
2015,Tocantins,Abril,88,1/1/2015
2016,Tocantins,Abril,369,1/1/2016
2017,Tocantins,Abril,164,1/1/2017
2013,Tocantins,Maio,373,1/1/2013
2014,Tocantins,Maio,618,1/1/2014
2015,Tocantins,Maio,512,1/1/2015
2016,Tocantins,Maio,778,1/1/2016
2017,Tocantins,Maio,576,1/1/2017
2013,Tocantins,Junho,873,1/1/2013
2014,Tocantins,Junho,1.372,1/1/2014
2015,Tocantins,Junho,1.15,1/1/2015
2016,Tocantins,Junho,1.148,1/1/2016
2017,Tocantins,Junho,1.32,1/1/2017
2013,Tocantins,Julho,1.393,1/1/2013
2014,Tocantins,Julho,1.404,1/1/2014
2015,Tocantins,Julho,1.217,1/1/2015
2016,Tocantins,Julho,2.737,1/1/2016
2017,Tocantins,Julho,2.397,1/1/2017
2013,Tocantins,Agosto,1.81,1/1/2013
2014,Tocantins,Agosto,2.917,1/1/2014
2015,Tocantins,Agosto,2.54,1/1/2015
2016,Tocantins,Agosto,3.213,1/1/2016
2017,Tocantins,Agosto,3.536,1/1/2017
2013,Tocantins,Setembro,2.445,1/1/2013
2014,Tocantins,Setembro,3.52,1/1/2014
2015,Tocantins,Setembro,5.51,1/1/2015
2016,Tocantins,Setembro,3.245,1/1/2016
2017,Tocantins,Setembro,10.737,1/1/2017
2013,Tocantins,Outubro,2.155,1/1/2013
2014,Tocantins,Outubro,4,1/1/2014
2015,Tocantins,Outubro,4.844,1/1/2015
2016,Tocantins,Outubro,2.032,1/1/2016
2017,Tocantins,Outubro,2.969,1/1/2017
2013,Tocantins,Novembro,345,1/1/2013
2014,Tocantins,Novembro,451,1/1/2014
2015,Tocantins,Novembro,833,1/1/2015
2016,Tocantins,Novembro,623,1/1/2016
2017,Tocantins,Novembro,434,1/1/2017
2013,Tocantins,Dezembro,85,1/1/2013
2014,Tocantins,Dezembro,223,1/1/2014
2015,Tocantins,Dezembro,373,1/1/2015
2016,Tocantins,Dezembro,119,1/1/2016
