Country Name,Country Code,Series Name,Series Code,1990 [YR1990],1995 [YR1995],2000 [YR2000],2005 [YR2005],2010 [YR2010],2015 [YR2015],2016 [YR2016],2017 [YR2017]
Afghanistan,AFG,Forest area (% of land area),AG.LND.FRST.ZS,2.067824648,2.067824648,2.067824648,2.067824648,2.067824648,2.067824648,2.067824648,..
Afghanistan,AFG,Agricultural land (% of land area),AG.LND.AGRI.ZS,58.26670343,57.82709922,57.82709922,58.06757957,58.06911129,58.06757957,58.06757957,..
Albania,ALB,Forest area (% of land area),AG.LND.FRST.ZS,28.78832072,28.43248131,28.07664189,28.55474542,28.33211634,28.15693431,28.12189701,..
Albania,ALB,Agricultural land (% of land area),AG.LND.AGRI.ZS,40.91240876,41.13138686,41.75182482,39.30656934,43.84306748,42.85766602,43.12773544,..
Algeria,DZA,Forest area (% of land area),AG.LND.FRST.ZS,0.69990847,0.681434581,0.662960693,0.644906665,0.805293609,0.821248331,0.824439265,..
Algeria,DZA,Agricultural land (% of land area),AG.LND.AGRI.ZS,16.23854829,16.64707315,16.80326148,17.3028962,17.37133356,17.40592946,17.36553915,..
American Samoa,ASM,Forest area (% of land area),AG.LND.FRST.ZS,91.94999695,91.09999657,90.24999619,89.3999958,88.54999542,87.70000458,87.5,..
American Samoa,ASM,Agricultural land (% of land area),AG.LND.AGRI.ZS,15,17.5,24.00000095,25,24.50000048,24.50000048,24.50000048,..
Andorra,AND,Forest area (% of land area),AG.LND.FRST.ZS,34.04255319,34.04255319,34.04255319,34.04255319,34.04255319,34.04255319,34.04255319,..
Andorra,AND,Agricultural land (% of land area),AG.LND.AGRI.ZS,48.93617021,48.93617021,48.93617021,46.3829771,42.06383076,40.02127546,39.95744827,..
Angola,AGO,Forest area (% of land area),AG.LND.FRST.ZS,48.90992219,48.40940082,47.90887944,47.40835807,46.90783669,46.40731531,46.30721041,..
Angola,AGO,Agricultural land (% of land area),AG.LND.AGRI.ZS,46.04475816,46.12176145,45.96133793,46.19395203,46.83564611,47.47734018,47.47734018,..
Antigua and Barbuda,ATG,Forest area (% of land area),AG.LND.FRST.ZS,23.40909134,23.06818095,22.72727273,22.27272771,22.27272771,22.27272771,22.27272771,..
Antigua and Barbuda,ATG,Agricultural land (% of land area),AG.LND.AGRI.ZS,20.45454545,20.45454545,20.45454545,20.45454545,20.45454545,20.45454545,20.45454545,..
Argentina,ARG,Forest area (% of land area),AG.LND.FRST.ZS,12.7135335,12.17766718,11.64180086,11.03011302,10.44911919,9.906858285,9.798405818,..
Argentina,ARG,Agricultural land (% of land area),AG.LND.AGRI.ZS,46.61287906,46.78827343,46.95818671,50.35188494,53.89028352,54.33571212,54.33571212,..
Armenia,ARM,Forest area (% of land area),AG.LND.FRST.ZS,11.76677204,11.73164735,11.69652266,11.66139796,11.62627327,11.66139796,11.66842333,..
Armenia,ARM,Agricultural land (% of land area),AG.LND.AGRI.ZS,..,43.69511767,46.46996839,56.37513172,60.94134176,58.89357047,58.89708637,..
Aruba,ABW,Forest area (% of land area),AG.LND.FRST.ZS,2.33333326,2.33333326,2.33333326,2.33333326,2.33333326,2.33333326,2.33333326,..
Aruba,ABW,Agricultural land (% of land area),AG.LND.AGRI.ZS,11.11111111,11.11111111,11.11111111,11.11111111,11.11111111,11.11111111,11.11111111,..
Australia,AUS,Forest area (% of land area),AG.LND.FRST.ZS,16.73209846,16.75162386,16.77114927,16.61494604,16.03829582,16.23875662,16.25827806,..
Australia,AUS,Agricultural land (% of land area),AG.LND.AGRI.ZS,60.46119001,60.31370813,59.29213907,57.94475613,51.88289965,47.63065749,48.24194425,..
Austria,AUT,Forest area (% of land area),AG.LND.FRST.ZS,45.72535723,46.10075079,46.47614434,46.63356745,46.74764969,46.88390014,46.90571284,..
Austria,AUT,Agricultural land (% of land area),AG.LND.AGRI.ZS,36.61782396,36.09954102,35.60426194,34.59433336,33.65830719,32.94172553,32.35667614,..
Azerbaijan,AZE,Forest area (% of land area),AG.LND.FRST.ZS,10.23829266,10.35605667,10.55384042,10.61214629,12.19875188,13.78367651,14.09967334,..
Azerbaijan,AZE,Agricultural land (% of land area),AG.LND.AGRI.ZS,..,53.94450644,57.38635558,57.56835347,57.67034492,57.7017519,57.73557518,..
"Bahamas, The",BHS,Forest area (% of land area),AG.LND.FRST.ZS,51.44855145,51.44855145,51.44855145,51.44855145,51.44855145,51.44855145,51.44855145,..
"Bahamas, The",BHS,Agricultural land (% of land area),AG.LND.AGRI.ZS,1.198801199,1.198801199,1.298701299,1.298701299,1.498501499,1.398601399,1.398601399,..
Bahrain,BHR,Forest area (% of land area),AG.LND.FRST.ZS,0.318840578,0.408450692,0.521126767,0.608108092,0.695538048,0.771208227,0.784061684,..
Bahrain,BHR,Agricultural land (% of land area),AG.LND.AGRI.ZS,11.5942029,12.67605634,12.95774621,11.7567565,11.28609019,11.05398463,11.05398463,..
Bangladesh,BGD,Forest area (% of land area),AG.LND.FRST.ZS,11.47729892,11.37742952,11.27756011,11.17769071,11.07782131,10.97795191,10.95797822,..
Bangladesh,BGD,Agricultural land (% of land area),AG.LND.AGRI.ZS,79.78796958,72.01352078,72.21325958,71.5295383,70.99177998,70.38672685,70.63232666,..
Barbados,BRB,Forest area (% of land area),AG.LND.FRST.ZS,14.65116323,14.65116323,14.65116323,14.65116323,14.65116323,14.65116323,14.65116323,..
Barbados,BRB,Agricultural land (% of land area),AG.LND.AGRI.ZS,44.18604651,44.18604651,41.86046512,37.20930233,34.88372093,25.58139535,23.25581395,..
Belarus,BLR,Forest area (% of land area),AG.LND.FRST.ZS,38.35535397,39.57059752,40.78584106,41.59148055,42.06012814,42.53416463,42.6301065,..
Belarus,BLR,Agricultural land (% of land area),AG.LND.AGRI.ZS,..,46.04121475,45.61230527,44.12069221,43.85411533,42.24201571,42.03548913,..
Belgium,BEL,Forest area (% of land area),AG.LND.FRST.ZS,..,..,22.03764821,22.2655222,22.49669789,22.56935351,22.58388464,..
Belgium,BEL,Agricultural land (% of land area),AG.LND.AGRI.ZS,..,..,45.89167687,45.67371202,44.7721252,43.85733157,44.61030544,..
Belize,BLZ,Forest area (% of land area),AG.LND.FRST.ZS,70.84743662,67.41166305,63.97632831,62.10127266,60.99912383,59.89916917,59.6790894,..
Belize,BLZ,Agricultural land (% of land area),AG.LND.AGRI.ZS,5.523893029,6.400701447,6.532222709,6.663743972,6.882946076,7.014467339,7.014467339,..
Benin,BEN,Forest area (% of land area),AG.LND.FRST.ZS,51.09081234,47.98687478,44.88293721,42.66583895,40.44874069,38.23164243,37.78822277,..
Benin,BEN,Agricultural land (% of land area),AG.LND.AGRI.ZS,20.13125222,22.34835048,28.33451579,31.21674353,30.50727208,33.25647393,33.25647393,..
Bermuda,BMU,Forest area (% of land area),AG.LND.FRST.ZS,18.51851819,18.51851819,18.51851819,18.51851819,18.51851819,18.51851819,18.51851819,..
Bermuda,BMU,Agricultural land (% of land area),AG.LND.AGRI.ZS,5.555555678,7.407407387,7.407407387,7.407407387,5.555555678,5.555555678,5.555555678,..
Bhutan,BTN,Forest area (% of land area),AG.LND.FRST.ZS,53.65045193,64.23015345,65.47738693,69.67101126,70.97332093,72.27562418,72.48453671,..
Bhutan,BTN,Agricultural land (% of land area),AG.LND.AGRI.ZS,9.716842219,14.1959799,13.31658291,15.55736306,13.64220706,13.7891225,13.60633424,..
Bolivia,BOL,Forest area (% of land area),AG.LND.FRST.ZS,57.96639897,56.71836056,55.47032216,54.21766824,51.88682729,50.55294009,50.28616265,..
Bolivia,BOL,Agricultural land (% of land area),AG.LND.AGRI.ZS,32.72869934,33.78565494,34.28690114,34.11981907,34.63121942,34.76506969,34.78722422,..
Bosnia and Herzegovina,BIH,Forest area (% of land area),AG.LND.FRST.ZS,43.1640625,42.91992188,42.67578125,42.67578125,42.67578125,42.67578125,42.67578125,..
Bosnia and Herzegovina,BIH,Agricultural land (% of land area),AG.LND.AGRI.ZS,..,42.48046875,41.6015625,42.12890625,41.875,42.5,43.14453125,..
Botswana,BWA,Forest area (% of land area),AG.LND.FRST.ZS,24.20552997,23.16182309,22.11811621,21.07352708,20.02893794,19.12727401,18.94694088,..
Botswana,BWA,Agricultural land (% of land area),AG.LND.AGRI.ZS,45.91428017,45.78194202,45.79076456,45.59755086,45.63195878,45.6330168,45.6330168,..
Brazil,BRA,Forest area (% of land area),AG.LND.FRST.ZS,65.40988785,63.88855654,62.36722524,60.62760375,59.63743129,59.04878358,58.93105404,..
Brazil,BRA,Agricultural land (% of land area),AG.LND.AGRI.ZS,28.90690991,30.9245837,31.27561874,32.5948828,32.71816457,33.98878219,33.92453345,..
British Virgin Islands,VGB,Forest area (% of land area),AG.LND.FRST.ZS,24.73333359,24.60000038,24.46666718,24.40000057,24.26666737,24.13333257,24.13333257,..
British Virgin Islands,VGB,Agricultural land (% of land area),AG.LND.AGRI.ZS,53.33333333,53.33333333,46.66666667,46.66666667,46.66666667,46.66666667,46.66666667,..
Brunei Darussalam,BRN,Forest area (% of land area),AG.LND.FRST.ZS,78.36812144,76.85009488,75.33206831,73.81404175,72.10626186,72.10626186,72.10626186,..
Brunei Darussalam,BRN,Agricultural land (% of land area),AG.LND.AGRI.ZS,2.087286528,1.897533207,1.897533207,2.087286528,2.542694425,2.732447745,2.732447745,..
Bulgaria,BGR,Forest area (% of land area),AG.LND.FRST.ZS,30.07321703,30.29015638,30.50709572,33.60640648,34.42336035,35.21554901,35.37398629,..
Bulgaria,BGR,Agricultural land (% of land area),AG.LND.AGRI.ZS,55.67206002,55.71725572,50.45647654,48.46281296,46.53647752,46.16709564,46.25092115,..
Burkina Faso,BFA,Forest area (% of land area),AG.LND.FRST.ZS,25.0255848,23.93092105,22.83625731,21.74342105,20.64692982,19.55409357,19.33552703,..
Burkina Faso,BFA,Agricultural land (% of land area),AG.LND.AGRI.ZS,34.99634503,34.53947368,35.70906433,40.09502924,44.15204678,44.2251462,44.2251462,..
Burundi,BDI,Forest area (% of land area),AG.LND.FRST.ZS,11.25389408,9.482087227,7.710280374,7.048286604,9.852024922,10.74766355,10.92679151,..
Burundi,BDI,Agricultural land (% of land area),AG.LND.AGRI.ZS,82.16510903,79.32242991,72.70249221,70.83333333,71.37850467,79.16666667,79.16666667,..
Cabo Verde,CPV,Forest area (% of land area),AG.LND.FRST.ZS,14.33002481,17.34987548,20.36972614,20.74193458,21.11414301,22.30769269,22.54590586,..
Cabo Verde,CPV,Agricultural land (% of land area),AG.LND.AGRI.ZS,16.87344913,17.36972705,17.617866,18.61042184,19.35483871,19.60297767,19.60297767,..
Cambodia,KHM,Forest area (% of land area),AG.LND.FRST.ZS,73.32880127,69.36891004,65.40901881,60.79197825,57.183322,53.57466576,52.8529323,..
Cambodia,KHM,Agricultural land (% of land area),AG.LND.AGRI.ZS,25.23793338,25.88941763,27.02243372,30.34217086,30.90301382,30.90301382,30.90301382,..
Cameroon,CMR,Forest area (% of land area),AG.LND.FRST.ZS,51.43957183,49.11256373,46.78555563,44.45854752,42.13153942,39.80453132,39.3391297,..
Cameroon,CMR,Agricultural land (% of land area),AG.LND.AGRI.ZS,19.39878572,19.37763111,19.37763111,19.48975059,20.51998054,20.62575363,20.62575363,..
Canada,CAN,Forest area (% of land area),AG.LND.FRST.ZS,38.29907264,38.27317504,38.24727745,38.22242456,38.19229318,38.16667052,38.16154667,..
Canada,CAN,Agricultural land (% of land area),AG.LND.AGRI.ZS,7.452347883,7.477200773,7.43530276,7.430464144,6.957555615,6.890210625,6.891838245,..
Cayman Islands,CYM,Forest area (% of land area),AG.LND.FRST.ZS,52.91666587,52.91666587,52.91666587,52.91666587,52.91666587,52.91666587,52.91666587,..
Cayman Islands,CYM,Agricultural land (% of land area),AG.LND.AGRI.ZS,11.2500002,11.2500002,11.2500002,11.2500002,11.2500002,11.2500002,11.2500002,..
Central African Republic,CAF,Forest area (% of land area),AG.LND.FRST.ZS,36.21304055,36.08783589,35.96263122,35.83742656,35.7122219,35.58701724,35.56197693,..
Central African Republic,CAF,Agricultural land (% of land area),AG.LND.AGRI.ZS,8.035570965,8.041991717,8.265112845,8.371055251,8.154354875,8.154354875,8.154354875,..
Chad,TCD,Forest area (% of land area),AG.LND.FRST.ZS,5.324809403,5.174317027,5.023824651,4.876905972,4.374205845,3.871505718,3.770965615,..
Chad,TCD,Agricultural land (% of land area),AG.LND.AGRI.ZS,38.35768742,38.47681067,38.61975858,39.33449809,39.33846887,39.65613088,39.65613088,..
Channel Islands,CHI,Forest area (% of land area),AG.LND.FRST.ZS,4.040404256,4.040404256,4.040404256,4.040404256,4.040404256,4.040404256,4.040404256,..
Channel Islands,CHI,Agricultural land (% of land area),AG.LND.AGRI.ZS,42.92929458,42.42424213,39.89899192,38.38383938,45.95959966,46.46464729,46.46464729,..
Chile,CHL,Forest area (% of land area),AG.LND.FRST.ZS,20.52769667,20.91167475,21.29565282,21.57539867,21.82959081,23.8523685,24.25692509,..
Chile,CHL,Agricultural land (% of land area),AG.LND.AGRI.ZS,21.3830734,20.61780711,20.32192208,21.36424435,21.17326401,21.22975116,21.17164983,..
China,CHN,Forest area (% of land area),AG.LND.FRST.ZS,16.73800695,17.79572602,18.85346743,20.56237213,21.36831943,22.18966865,22.35394181,..
China,CHN,Agricultural land (% of land area),AG.LND.AGRI.ZS,53.86456475,55.69020391,55.60191389,55.11518135,54.80809776,56.22295728,56.2123131,..
Colombia,COL,Forest area (% of land area),AG.LND.FRST.ZS,58.05948626,56.87942204,55.69936134,54.25990029,52.84841849,52.72802008,52.70393829,..
Colombia,COL,Agricultural land (% of land area),AG.LND.AGRI.ZS,40.63361875,40.11987382,40.431726,38.35691753,38.30824696,40.25741466,40.25741466,..
Comoros,COM,Forest area (% of land area),AG.LND.FRST.ZS,26.32992928,25.25523829,24.1805473,22.56851081,20.95647433,19.88178334,19.66684432,..
Comoros,COM,Agricultural land (% of land area),AG.LND.AGRI.ZS,61.25738649,65.55615046,71.46695091,71.46695091,71.46695091,71.46695091,71.46695091,..
"Congo, Dem. Rep.",COD,Forest area (% of land area),AG.LND.FRST.ZS,70.73641958,70.04962396,69.36282835,68.67603273,67.98923711,67.3024415,67.16507962,..
"Congo, Dem. Rep.",COD,Agricultural land (% of land area),AG.LND.AGRI.ZS,11.45100461,11.38042831,11.29220794,11.27015284,11.36498974,11.55686906,11.55686906,..
"Congo, Rep.",COG,Forest area (% of land area),AG.LND.FRST.ZS,66.54758419,66.29868228,66.04978038,65.80087848,65.62518302,65.39970717,65.35461086,..
"Congo, Rep.",COG,Agricultural land (% of land area),AG.LND.AGRI.ZS,30.80819912,30.80527086,30.86383602,30.88433382,30.96925329,31.11859444,31.11859444,..
Costa Rica,CRI,Forest area (% of land area),AG.LND.FRST.ZS,50.21543282,48.37446142,46.53349001,48.78574226,51.01840971,53.97571485,54.56717492,..
Costa Rica,CRI,Agricultural land (% of land area),AG.LND.AGRI.ZS,45.14296906,40.10967489,36.03603604,35.35056796,35.62475519,34.8609479,34.45945946,..
Cote d'Ivoire,CIV,Forest area (% of land area),AG.LND.FRST.ZS,32.14465409,32.31132075,32.47798742,32.72012579,32.71383648,32.70754717,32.70628808,..
Cote d'Ivoire,CIV,Agricultural land (% of land area),AG.LND.AGRI.ZS,59.52830189,62.26415094,61.63522013,63.52201258,64.77987421,64.77987421,64.77987421,..
Croatia,HRV,Forest area (% of land area),AG.LND.FRST.ZS,33.08889286,33.4018959,33.71489894,34.00643317,34.31022159,34.3459614,34.3531098,..
Croatia,HRV,Agricultural land (% of land area),AG.LND.AGRI.ZS,..,41.7098909,20.90860311,21.64045747,23.83488293,27.47676868,27.59113653,..
Cuba,CUB,Forest area (% of land area),AG.LND.FRST.ZS,19.16201117,20.91713222,22.67225326,25.33821871,27.54603533,30.76331475,31.27860121,..
Cuba,CUB,Agricultural land (% of land area),AG.LND.AGRI.ZS,62.76536313,62.23463687,61.02420857,62.35437805,60.70274516,59.99134594,59.86060561,..
Curacao,CUW,Forest area (% of land area),AG.LND.FRST.ZS,..,..,..,..,..,..,..,..
Curacao,CUW,Agricultural land (% of land area),AG.LND.AGRI.ZS,..,..,..,..,..,..,..,..
Cyprus,CYP,Forest area (% of land area),AG.LND.FRST.ZS,17.43614725,18.00432907,18.57251089,18.70671062,18.70562731,18.69047586,18.68722924,..
Cyprus,CYP,Agricultural land (% of land area),AG.LND.AGRI.ZS,17.38095304,15.48701365,15.31385281,18.07359307,12.39177489,13.79978378,12.15692661,..
Czech Republic,CZE,Forest area (% of land area),AG.LND.FRST.ZS,34.02355377,34.07532031,34.12708684,34.2609371,34.39927499,34.54215775,34.56358456,..
Czech Republic,CZE,Agricultural land (% of land area),AG.LND.AGRI.ZS,..,55.39019024,55.39019024,55.1384934,54.81615743,45.25320554,45.18259518,..
Denmark,DNK,Forest area (% of land area),AG.LND.FRST.ZS,12.81434329,13.30073004,13.79919868,13.14400217,13.83690727,14.57966211,14.6992134,..
Denmark,DNK,Agricultural land (% of land area),AG.LND.AGRI.ZS,65.77022883,64.24699505,62.38510488,63.79919868,61.89017205,62.18147178,62.01476542,..
Djibouti,DJI,Forest area (% of land area),AG.LND.FRST.ZS,0.241587571,0.241587571,0.241587571,0.241587571,0.241587571,0.241587571,0.241587571,..
Djibouti,DJI,Agricultural land (% of land area),AG.LND.AGRI.ZS,56.03968939,62.59706644,69.06816221,73.38222606,73.40810939,73.4253667,73.4253667,..
Dominica,DMA,Forest area (% of land area),AG.LND.FRST.ZS,66.66666667,64.8799998,63.10666911,61.32000224,59.54666646,57.77333577,57.41333516,..
Dominica,DMA,Agricultural land (% of land area),AG.LND.AGRI.ZS,24,22.66666667,28,29.33333333,33.33333333,33.33333333,33.33333333,..
Dominican Republic,DOM,Forest area (% of land area),AG.LND.FRST.ZS,22.87311116,26.81639412,30.75967709,34.19581867,37.61126061,41.04740219,41.7346295,..
Dominican Republic,DOM,Agricultural land (% of land area),AG.LND.AGRI.ZS,52.70130408,53.32229352,52.05961499,50.03104947,49.61705651,48.68557235,48.68557235,..
Ecuador,ECU,Forest area (% of land area),AG.LND.FRST.ZS,52.84947843,51.22048795,55.27830537,53.69318825,52.1080672,50.52295008,50.20595261,..
Ecuador,ECU,Agricultural land (% of land area),AG.LND.AGRI.ZS,28.34128016,29.28767519,32.47704944,30.19809953,30.18883957,23.30649018,22.2096956,..
"Egypt, Arab Rep.",EGY,Forest area (% of land area),AG.LND.FRST.ZS,0.044201115,0.051735396,0.059269677,0.067306243,0.070319956,0.073333668,0.073936409,..
"Egypt, Arab Rep.",EGY,Agricultural land (% of land area),AG.LND.AGRI.ZS,2.660103471,3.298005927,3.306042493,3.539102918,3.687779396,3.807192845,3.750836325,..
El Salvador,SLV,Forest area (% of land area),AG.LND.FRST.ZS,18.19498069,17.10907336,16.02316602,14.91312741,13.85135135,12.78957529,12.57722037,..
El Salvador,SLV,Agricultural land (% of land area),AG.LND.AGRI.ZS,68.05019305,70.22200772,72.39382239,75.53088803,74.08301158,75.53088803,76.44787645,..
Equatorial Guinea,GNQ,Forest area (% of land area),AG.LND.FRST.ZS,66.31016043,64.22459893,62.13903743,60.07130125,57.96791444,55.90017825,55.48663189,..
Equatorial Guinea,GNQ,Agricultural land (% of land area),AG.LND.AGRI.ZS,11.90730838,11.90730838,11.90730838,11.55080214,10.48128342,10.12477718,10.12477718,..
Eritrea,ERI,Forest area (% of land area),AG.LND.FRST.ZS,16.04950495,15.82673267,15.6039604,15.38613861,15.16831683,14.95049505,14.90693045,..
Eritrea,ERI,Agricultural land (% of land area),AG.LND.AGRI.ZS,..,73.33663366,74.55445545,74.47524752,75.16831683,75.16831683,75.16831683,..
Estonia,EST,Forest area (% of land area),AG.LND.FRST.ZS,52.04057561,52.47699929,52.91342298,53.1257372,52.70110875,51.34575569,51.33655619,..
Estonia,EST,Agricultural land (% of land area),AG.LND.AGRI.ZS,..,23.37815523,23.26020288,20.80443558,22.38263713,22.84334023,23.07338394,..
Eswatini,SWZ,Forest area (% of land area),AG.LND.FRST.ZS,27.44186047,28.77906977,30.11627907,31.45348837,32.73255814,34.06976744,34.33720788,..
Eswatini,SWZ,Agricultural land (% of land area),AG.LND.AGRI.ZS,71.97674419,71.04651163,71.10465116,71.1627907,71.04651163,71.04651163,71.04651163,..
Ethiopia,ETH,Forest area (% of land area),AG.LND.FRST.ZS,..,14.4095,13.705,13,12.296,12.499,12.53959961,..
Ethiopia,ETH,Agricultural land (% of land area),AG.LND.AGRI.ZS,..,30.5,30.662,33.591,35.683,36.259,36.259,..
Faroe Islands,FRO,Forest area (% of land area),AG.LND.FRST.ZS,0.057306586,0.057306586,0.057306586,0.057306586,0.057306586,0.057306586,0.057306586,..
Faroe Islands,FRO,Agricultural land (% of land area),AG.LND.AGRI.ZS,2.148997041,2.148997041,2.148997041,2.148997041,2.148997041,2.148997041,2.148997041,..
Fiji,FJI,Forest area (% of land area),AG.LND.FRST.ZS,52.15654211,52.91023442,53.66393007,54.58456539,54.34592361,55.67597221,55.94198126,..
Fiji,FJI,Agricultural land (% of land area),AG.LND.AGRI.ZS,22.44116037,24.0831965,23.42638205,23.42638205,23.26217843,23.26217843,23.26217843,..
Finland,FIN,Forest area (% of land area),AG.LND.FRST.ZS,71.81785351,72.75353754,73.68922158,72.69772481,73.10957552,73.10716989,73.10716989,..
Finland,FIN,Agricultural land (% of land area),AG.LND.AGRI.ZS,7.856462786,7.367280607,7.281919958,7.465117203,7.541625213,7.480503775,7.485768813,..
France,FRA,Forest area (% of land area),AG.LND.FRST.ZS,26.36394442,27.14284593,27.92169765,28.9668477,29.99505117,31.02690723,31.23327844,..
France,FRA,Agricultural land (% of land area),AG.LND.AGRI.ZS,55.87052503,55.06221781,54.43607963,53.67550923,52.82792694,52.46376323,52.44754417,..
French Polynesia,PYF,Forest area (% of land area),AG.LND.FRST.ZS,15.0273224,21.8579235,28.68852459,35.51912568,42.34972678,42.34972678,42.34972678,..
French Polynesia,PYF,Agricultural land (% of land area),AG.LND.AGRI.ZS,11.74863388,11.74863388,11.74863388,12.29508197,12.15846995,12.43169399,12.43169399,..
Gabon,GAB,Forest area (% of land area),AG.LND.FRST.ZS,85.38052548,85.38052548,85.38052548,85.38052548,85.38052548,89.26145845,90.03764505,..
Gabon,GAB,Agricultural land (% of land area),AG.LND.AGRI.ZS,20.01397136,20.02561416,20.02561416,20.02561416,20.02561416,20.02561416,20.02561416,..
"Gambia, The",GMB,Forest area (% of land area),AG.LND.FRST.ZS,43.67588933,44.61462451,45.55335968,46.54150198,47.43083004,48.22134387,48.37944724,..
"Gambia, The",GMB,Agricultural land (% of land area),AG.LND.AGRI.ZS,57.90513834,55.03952569,54.54545455,52.07509881,60.77075099,59.7826087,59.7826087,..
Georgia,GEO,Forest area (% of land area),AG.LND.FRST.ZS,39.60282055,39.66685784,39.72658077,39.89782703,40.61591455,40.61591455,40.61591455,..
Georgia,GEO,Agricultural land (% of land area),AG.LND.AGRI.ZS,..,43.86242625,43.17167938,36.26421068,35.40077709,34.79781404,34.45100014,..
Germany,DEU,Forest area (% of land area),AG.LND.FRST.ZS,32.36616733,32.44629046,32.53761284,32.64135795,32.73087185,32.73242345,32.69120678,..
Germany,DEU,Agricultural land (% of land area),AG.LND.AGRI.ZS,51.64838312,49.67917502,48.91245164,48.83300837,47.91003242,47.9592063,47.67861232,..
Ghana,GHA,Forest area (% of land area),AG.LND.FRST.ZS,37.91421289,38.53388415,39.15355542,39.78641118,40.41047728,41.03454338,41.15935831,..
Ghana,GHA,Agricultural land (% of land area),AG.LND.AGRI.ZS,55.3968533,57.57229498,63.41742111,66.36195834,68.64727081,68.99885734,68.99885734,..
Gibraltar,GIB,Forest area (% of land area),AG.LND.FRST.ZS,0,0,0,0,0,0,0,..
Gibraltar,GIB,Agricultural land (% of land area),AG.LND.AGRI.ZS,..,..,..,..,..,..,..,..
Greece,GRC,Forest area (% of land area),AG.LND.FRST.ZS,25.59348332,26.76493406,27.93638479,29.10783553,30.27928627,31.45073701,31.68502677,..
Greece,GRC,Agricultural land (% of land area),AG.LND.AGRI.ZS,71.54383243,71.09387122,66.16757176,62.10240497,58.09930178,48.09154383,47.60279286,..
Greenland,GRL,Forest area (% of land area),AG.LND.FRST.ZS,0.00064384,0.00064384,0.000535997,0.000535997,0.000535997,0.000535997,0.000535997,..
Greenland,GRL,Agricultural land (% of land area),AG.LND.AGRI.ZS,0.693005569,0.697395385,0.584236821,0.587891346,0.591545872,0.592276784,0.592301134,..
Grenada,GRD,Forest area (% of land area),AG.LND.FRST.ZS,49.97058756,49.97058756,49.97058756,49.97058756,49.97058756,49.97058756,49.97058756,..
Grenada,GRD,Agricultural land (% of land area),AG.LND.AGRI.ZS,38.23529412,32.35294118,35.29411765,20.58823529,23.52941176,23.52941176,23.52941176,..
Guam,GUM,Forest area (% of land area),AG.LND.FRST.ZS,46.2962963,46.2962963,46.2962963,46.2962963,46.2962963,46.2962963,46.2962963,..
Guam,GUM,Agricultural land (% of land area),AG.LND.AGRI.ZS,37.03703704,37.03703704,37.03703704,37.03703704,33.33333333,33.33333333,33.33333333,..
Guatemala,GTM,Forest area (% of land area),AG.LND.FRST.ZS,44.30757745,41.78798059,39.26838373,36.74878686,34.73310937,33.03471445,32.69503637,..
Guatemala,GTM,Agricultural land (% of land area),AG.LND.AGRI.ZS,39.98693542,42.10526316,41.66666667,42.57185517,36.9734983,35.98357596,35.98357596,..
Guinea,GIN,Forest area (% of land area),AG.LND.FRST.ZS,29.56210321,28.8295621,28.097021,27.3644799,26.63193879,25.89939769,25.75288947,..
Guinea,GIN,Agricultural land (% of land area),AG.LND.AGRI.ZS,57.54924304,57.07309132,54.89581638,57.46784958,58.19632102,59.01025558,59.01025558,..
Guinea-Bissau,GNB,Forest area (% of land area),AG.LND.FRST.ZS,78.80512091,77.09815078,75.39118065,73.68421053,71.90611664,70.12802276,69.77240398,..
Guinea-Bissau,GNB,Agricultural land (% of land area),AG.LND.AGRI.ZS,51.45803698,52.84495021,57.89473684,57.25462304,57.9658606,57.9658606,57.9658606,..
Guyana,GUY,Forest area (% of land area),AG.LND.FRST.ZS,84.63296927,84.53644907,84.43992888,84.33832868,84.20624841,83.9522479,83.9014478,..
Guyana,GUY,Agricultural land (% of land area),AG.LND.AGRI.ZS,8.798577597,8.808737617,8.676657353,8.524257049,8.524257049,8.58521717,8.636017272,..
Haiti,HTI,Forest area (% of land area),AG.LND.FRST.ZS,4.208998549,4.082002903,3.955007257,3.809869376,3.664731495,3.519593614,3.490565927,..
Haiti,HTI,Agricultural land (% of land area),AG.LND.AGRI.ZS,57.94629898,57.69230769,61.32075472,60.59506531,67.85195936,66.76342525,66.76342525,..
Honduras,HND,Forest area (% of land area),AG.LND.FRST.ZS,72.71427295,64.92090446,57.12753597,51.76512646,46.40271695,41.04030744,39.96782554,..
Honduras,HND,Agricultural land (% of land area),AG.LND.AGRI.ZS,29.67199929,31.10197515,26.23111985,28.15264992,28.86763786,28.9123246,28.9123246,..
"Hong Kong SAR, China",HKG,Forest area (% of land area),AG.LND.FRST.ZS,..,..,..,..,..,..,..,..
"Hong Kong SAR, China",HKG,Agricultural land (% of land area),AG.LND.AGRI.ZS,8.080808081,7.619047619,6.666666667,6.666666667,5.238095238,4.857142766,4.761904762,..
Hungary,HUN,Forest area (% of land area),AG.LND.FRST.ZS,20.04005786,20.68773648,21.39031466,22.12922665,22.60024301,22.85430244,22.90511541,..
Hungary,HUN,Agricultural land (% of land area),AG.LND.AGRI.ZS,72.03738734,68.76251947,65.32024102,65.42796563,59.01910969,58.14647078,58.35634596,..
Iceland,ISL,Forest area (% of land area),AG.LND.FRST.ZS,0.160598508,0.223940157,0.287281788,0.364089776,0.42593517,0.490773075,0.503740648,..
Iceland,ISL,Agricultural land (% of land area),AG.LND.AGRI.ZS,18.96259352,18.94264339,18.84289277,18.77306733,18.69326683,18.67331671,18.67331671,..
India,IND,Forest area (% of land area),AG.LND.FRST.ZS,21.50518467,21.74919867,21.99321268,22.77318301,23.47310465,23.77311911,23.83312147,..
India,IND,Agricultural land (% of land area),AG.LND.AGRI.ZS,61.01628218,60.85887548,60.86896566,60.58341377,60.39741826,60.44719645,60.44719645,..
Indonesia,IDN,Forest area (% of land area),AG.LND.FRST.ZS,65.43771425,60.15610769,54.87450112,54.01778568,52.12716042,50.23819118,49.8603982,..
Indonesia,IDN,Agricultural land (% of land area),AG.LND.AGRI.ZS,24.88614848,23.72417295,26.04205192,28.61937435,30.69161004,31.46442036,31.46442036,..
"Iran, Islamic Rep.",IRN,Forest area (% of land area),AG.LND.FRST.ZS,5.572373812,5.648996999,5.725619586,6.564491066,6.564491066,6.564491066,6.564491066,..
"Iran, Islamic Rep.",IRN,Agricultural land (% of land area),AG.LND.AGRI.ZS,37.75878582,39.42140033,38.608512,29.24371915,28.57351509,28.21410153,28.21410153,..
Iraq,IRQ,Forest area (% of land area),AG.LND.FRST.ZS,1.838260512,1.854265267,1.870270023,1.886274779,1.89952109,1.90036115,1.90036115,..
Iraq,IRQ,Agricultural land (% of land area),AG.LND.AGRI.ZS,21.10341359,20.80618241,18.97706747,21.46923657,18.92613741,21.42225296,21.42225296,..
Ireland,IRL,Forest area (% of land area),AG.LND.FRST.ZS,6.749891131,7.983451596,9.216867647,10.08622481,10.53316889,10.94527536,11.02772554,..
Ireland,IRL,Agricultural land (% of land area),AG.LND.AGRI.ZS,82.00029032,63.71026274,64.04412832,62.44737988,66.30860793,64.30541443,64.53766875,..
Isle of Man,IMN,Forest area (% of land area),AG.LND.FRST.ZS,6.070175506,6.070175506,6.070175506,6.070175506,6.070175506,6.070175506,6.070175506,..
Isle of Man,IMN,Agricultural land (% of land area),AG.LND.AGRI.ZS,69.47368153,73.15789608,76.84210392,80.89473791,76.10526503,70.87719566,69.82456007,..
Israel,ISR,Forest area (% of land area),AG.LND.FRST.ZS,6.099815157,6.585027726,7.070240296,7.162661738,7.116451017,7.624768946,7.726432391,..
Israel,ISR,Agricultural land (% of land area),AG.LND.AGRI.ZS,26.75600739,26.47874307,26.15526802,23.7754159,23.31330869,24.67190501,24.58410351,..
Italy,ITA,Forest area (% of land area),AG.LND.FRST.ZS,25.80667097,27.13100541,28.45533984,29.77833685,30.69286734,31.60739784,31.79030327,..
Italy,ITA,Agricultural land (% of land area),AG.LND.AGRI.ZS,57.25748869,52.13355547,53.16718235,50.09859251,48.71081731,44.00965527,43.23451418,..
Jamaica,JAM,Forest area (% of land area),AG.LND.FRST.ZS,31.8190218,31.64819945,31.47737709,31.32040741,31.12650103,30.95106299,30.91597482,..
Jamaica,JAM,Agricultural land (% of land area),AG.LND.AGRI.ZS,43.95198523,45.8910434,44.22899354,43.1209603,40.99722992,40.99722992,40.99722992,..
Japan,JPN,Forest area (% of land area),AG.LND.FRST.ZS,68.43115743,68.32967636,68.24691358,68.40877915,68.48443286,68.46061005,68.45622227,..
Japan,JPN,Agricultural land (% of land area),AG.LND.AGRI.ZS,15.61437191,14.92868897,14.42524005,12.87242798,12.59909477,12.33267501,12.26409919,..
Jordan,JOR,Forest area (% of land area),AG.LND.FRST.ZS,1.10494107,1.10494107,1.10494107,1.10494107,1.09822032,1.09822032,1.09822032,..
Jordan,JOR,Agricultural land (% of land area),AG.LND.AGRI.ZS,11.78830407,12.62466002,12.11468722,11.4800544,11.28970475,11.89795054,12.00675784,..
Kazakhstan,KAZ,Forest area (% of land area),AG.LND.FRST.ZS,1.267548246,1.256991518,1.246434789,1.236063266,1.225691744,1.225691744,1.225691744,..
Kazakhstan,KAZ,Agricultural land (% of land area),AG.LND.AGRI.ZS,..,80.44838315,79.78416005,78.63318146,80.43923283,80.37633811,80.37633811,..
Kenya,KEN,Forest area (% of land area),AG.LND.FRST.ZS,8.300242471,7.275011421,6.24978037,7.110728468,7.432266226,7.753803985,7.818111708,..
Kenya,KEN,Agricultural land (% of land area),AG.LND.AGRI.ZS,47.03587869,47.82303124,46.86193204,47.44351126,48.00224901,48.54693046,48.54693046,..
Kiribati,KIR,Forest area (% of land area),AG.LND.FRST.ZS,14.99999953,14.99999953,14.99999953,14.99999953,14.99999953,14.99999953,14.99999953,..
Kiribati,KIR,Agricultural land (% of land area),AG.LND.AGRI.ZS,48.14814815,45.67901235,41.97530864,41.97530864,41.97530864,41.97530864,41.97530864,..
"Korea, Dem. People’s Rep.",PRK,Forest area (% of land area),AG.LND.FRST.ZS,68.10896105,62.84361764,57.57827423,52.31293082,47.05589237,41.782244,40.72751433,..
"Korea, Dem. People’s Rep.",PRK,Agricultural land (% of land area),AG.LND.AGRI.ZS,20.91188439,22.00813886,21.17764305,21.59289096,22.2572876,21.8420397,21.8420397,..
"Korea, Rep.",KOR,Forest area (% of land area),AG.LND.FRST.ZS,66.03773585,65.6126892,65.18764255,64.58440888,64.01234568,63.46143979,63.35483649,..
"Korea, Rep.",KOR,Agricultural land (% of land area),AG.LND.AGRI.ZS,22.58967448,21.23159859,20.45407423,19.42178627,18.24074074,17.81517779,17.44607064,..
Kosovo,XKX,Forest area (% of land area),AG.LND.FRST.ZS,..,..,..,..,..,..,..,..
Kosovo,XKX,Agricultural land (% of land area),AG.LND.AGRI.ZS,..,..,..,..,..,..,..,..
Kuwait,KWT,Forest area (% of land area),AG.LND.FRST.ZS,0.193602696,0.232884405,0.2721661,0.311447822,0.350729517,0.350729517,0.350729517,..
Kuwait,KWT,Agricultural land (% of land area),AG.LND.AGRI.ZS,7.912457912,7.968574635,8.305274972,8.417508418,8.529741863,8.383838041,8.417508418,..
Kyrgyz Republic,KGZ,Forest area (% of land area),AG.LND.FRST.ZS,4.358706986,4.417883084,4.474973868,4.532325275,3.529718457,3.321167883,3.279457769,..
Kyrgyz Republic,KGZ,Agricultural land (% of land area),AG.LND.AGRI.ZS,..,54.42648592,55.86027112,56.02189781,55.32794781,55.04171011,54.95828989,..
Lao PDR,LAO,Forest area (% of land area),AG.LND.FRST.ZS,76.45104155,74.02707634,71.60307727,73.09233508,77.19047031,81.28860553,82.10823257,..
Lao PDR,LAO,Agricultural land (% of land area),AG.LND.AGRI.ZS,7.19237435,7.365684575,7.824956672,8.600519931,9.618717504,10.26429809,10.26429809,..
Latvia,LVA,Forest area (% of land area),AG.LND.FRST.ZS,51.01614252,51.56280066,52.1094596,53.00983903,53.88817481,53.97233837,53.97876974,..
Latvia,LVA,Agricultural land (% of land area),AG.LND.AGRI.ZS,..,29.45526997,25.53218816,27.87960597,29.00064267,30.30717272,31.05500161,..
Lebanon,LBN,Forest area (% of land area),AG.LND.FRST.ZS,12.8054741,12.8054741,12.8054741,13.3431085,13.38220859,13.42131017,13.42913049,..
Lebanon,LBN,Agricultural land (% of land area),AG.LND.AGRI.ZS,59.13978495,59.53079179,58.16226784,63.83186706,62.56109482,64.32062561,64.32062561,..
Lesotho,LSO,Forest area (% of land area),AG.LND.FRST.ZS,1.317523057,1.350461133,1.383399209,1.416337286,1.449275362,1.613965744,1.646903821,..
Lesotho,LSO,Agricultural land (% of land area),AG.LND.AGRI.ZS,76.44927536,76.54808959,76.87747036,76.64690382,76.61396574,73.25428195,77.63504611,..
Liberia,LBR,Forest area (% of land area),AG.LND.FRST.ZS,51.17317276,49.61586379,48.05855482,46.50124585,44.94393688,43.38662791,43.07516611,..
Liberia,LBR,Agricultural land (% of land area),AG.LND.AGRI.ZS,25.88247508,25.9551495,27.09717608,27.14908638,27.61627907,28.03156146,28.03156146,..
Libya,LBY,Forest area (% of land area),AG.LND.FRST.ZS,0.123327688,0.123327688,0.123327688,0.123327688,0.123327688,0.123327688,0.123327688,..
Libya,LBY,Agricultural land (% of land area),AG.LND.AGRI.ZS,8.783545699,8.817645521,8.780704048,8.743762574,8.724439342,8.723871012,8.723871012,..
Liechtenstein,LIE,Forest area (% of land area),AG.LND.FRST.ZS,40.625,41.87499881,43.1250006,43.1250006,43.1250006,43.1250006,43.1250006,..
Liechtenstein,LIE,Agricultural land (% of land area),AG.LND.AGRI.ZS,43.75,43.75,43.75,43.1250006,39.37500119,32.24999905,32.24999905,..
Lithuania,LTU,Forest area (% of land area),AG.LND.FRST.ZS,31.03063178,31.62890874,32.22718571,33.83854499,34.62305544,34.79648843,34.83285866,..
Lithuania,LTU,Agricultural land (% of land area),AG.LND.AGRI.ZS,..,54.40331844,54.53095086,45.26164646,44.23294853,47.97924824,47.15526021,..
Luxembourg,LUX,Forest area (% of land area),AG.LND.FRST.ZS,..,..,35.67901109,35.67901109,35.67901109,35.67901109,35.67901109,..
Luxembourg,LUX,Agricultural land (% of land area),AG.LND.AGRI.ZS,..,..,52.67489712,53.08641975,53.92592316,54.02057789,53.71193591,..
"Macao SAR, China",MAC,Forest area (% of land area),AG.LND.FRST.ZS,..,..,..,..,..,..,..,..
"Macao SAR, China",MAC,Agricultural land (% of land area),AG.LND.AGRI.ZS,..,..,..,..,..,..,..,..
Madagascar,MDG,Forest area (% of land area),AG.LND.FRST.ZS,23.54438216,22.96918527,22.39398838,22.07586752,21.58578946,21.43863871,21.41113785,..
Madagascar,MDG,Agricultural land (% of land area),AG.LND.AGRI.ZS,62.46345909,62.72999278,69.6426729,70.31846477,71.18169,71.18425576,71.18425576,..
Malawi,MWI,Forest area (% of land area),AG.LND.FRST.ZS,41.32371659,39.57891387,37.83411116,36.08400509,34.33389902,33.37929571,33.18837505,..
Malawi,MWI,Agricultural land (% of land area),AG.LND.AGRI.ZS,44.7390751,45.39669071,50.16970725,54.9427238,60.29910904,61.4128129,61.4128129,..
Malaysia,MYS,Forest area (% of land area),AG.LND.FRST.ZS,68.10531122,66.91066809,65.71602496,63.58240755,67.33830467,67.55440572,67.59762355,..
Malaysia,MYS,Agricultural land (% of land area),AG.LND.AGRI.ZS,20.5649067,21.20225232,21.11916054,21.7148384,22.4906401,26.0842177,26.25779942,..
Maldives,MDV,Forest area (% of land area),AG.LND.FRST.ZS,3.333333333,3.333333333,3.333333333,3.333333333,3.333333333,3.333333333,3.333333333,..
Maldives,MDV,Agricultural land (% of land area),AG.LND.AGRI.ZS,26.66666667,26.66666667,30,30,26.33333365,26.33333365,26.33333365,..
Mali,MLI,Forest area (% of land area),AG.LND.FRST.ZS,5.482752686,5.15903261,4.835312533,4.511592457,4.187872381,3.864152304,3.799408289,..
Mali,MLI,Agricultural land (% of land area),AG.LND.AGRI.ZS,26.33032561,29.02744655,31.63441759,33.10304133,33.64312115,33.76605283,33.76605283,..
Malta,MLT,Forest area (% of land area),AG.LND.FRST.ZS,1.093749981,1.093749981,1.093749981,1.093749981,1.093749981,1.093749981,1.093749981,..
Malta,MLT,Agricultural land (% of land area),AG.LND.AGRI.ZS,40.625,34.375,28.125,29.0625006,32.28124976,31.96874857,32.43750036,..
Marshall Islands,MHL,Forest area (% of land area),AG.LND.FRST.ZS,..,70.22222413,70.22222413,70.22222413,70.22222413,70.22222413,70.22222413,..
Marshall Islands,MHL,Agricultural land (% of land area),AG.LND.AGRI.ZS,..,66.66666667,66.66666667,72.22222222,72.22222222,63.88888889,63.88888889,..
Mauritania,MRT,Forest area (% of land area),AG.LND.FRST.ZS,0.402638983,0.355098477,0.30755797,0.259047249,0.234791889,0.217813137,0.214417386,..
Mauritania,MRT,Agricultural land (% of land area),AG.LND.AGRI.ZS,38.47482294,38.57572524,38.56602309,38.47967401,38.52818473,38.52818473,38.52818473,..
Mauritius,MUS,Forest area (% of land area),AG.LND.FRST.ZS,20.24630467,20.44334975,20.64039484,18.81773437,18.91625691,19.01477757,19.03448246,..
Mauritius,MUS,Agricultural land (% of land area),AG.LND.AGRI.ZS,54.67980296,51.23152709,49.75369458,47.29064039,44.82758621,42.36453202,42.36453202,..
Mexico,MEX,Forest area (% of land area),AG.LND.FRST.ZS,35.88569665,35.39597212,34.90624759,34.50860362,34.20766995,33.97206718,33.92494583,..
Mexico,MEX,Agricultural land (% of land area),AG.LND.AGRI.ZS,54.09141182,54.62846267,54.6979089,54.82136886,54.84451761,54.90264667,54.64955374,..
"Micronesia, Fed. Sts.",FSM,Forest area (% of land area),AG.LND.FRST.ZS,..,91.02857317,91.2285723,91.41428811,91.61428179,91.81428092,91.85714722,..
"Micronesia, Fed. Sts.",FSM,Agricultural land (% of land area),AG.LND.AGRI.ZS,..,32.14285714,32.14285714,32.14285714,31.42857143,31.42857143,31.42857143,..
Moldova,MDA,Forest area (% of land area),AG.LND.FRST.ZS,9.704898083,9.76313392,9.854014599,11.0367893,11.75038052,12.43917275,12.57525102,..
Moldova,MDA,Agricultural land (% of land area),AG.LND.AGRI.ZS,..,77.61919223,77.37226277,75.9805412,75.03805175,74.78406029,74.21708726,..
Monaco,MCO,Forest area (% of land area),AG.LND.FRST.ZS,..,..,..,..,..,..,..,..
Monaco,MCO,Agricultural land (% of land area),AG.LND.AGRI.ZS,..,..,..,..,..,..,..,..
Mongolia,MNG,Forest area (% of land area),AG.LND.FRST.ZS,8.069208785,7.805620639,7.542032493,7.278766189,8.393110144,8.080022532,8.017404884,..
Mongolia,MNG,Agricultural land (% of land area),AG.LND.AGRI.ZS,80.88261799,76.25646901,83.98130745,73.02543734,73.1146528,72.67405186,71.48884055,..
Montenegro,MNE,Forest area (% of land area),AG.LND.FRST.ZS,46.54275093,46.54275093,46.54275093,46.54275093,61.48698885,61.48698885,61.48698885,..
Montenegro,MNE,Agricultural land (% of land area),AG.LND.AGRI.ZS,..,..,..,..,38.0669145,17.20446051,18.95910781,..
Morocco,MAR,Forest area (% of land area),AG.LND.FRST.ZS,11.10015685,11.14384943,11.18754201,12.1017253,12.70894017,12.61931436,12.6013892,..
Morocco,MAR,Agricultural land (% of land area),AG.LND.AGRI.ZS,67.98790052,68.89760251,68.68025991,67.19471208,67.19314538,68.54470087,68.54470087,..
Mozambique,MOZ,Forest area (% of land area),AG.LND.FRST.ZS,55.16162669,53.76917012,52.37671355,50.96645388,49.55873751,48.24639487,47.98392833,..
Mozambique,MOZ,Agricultural land (% of land area),AG.LND.AGRI.ZS,60.6322643,60.88659427,61.22993972,62.62875455,63.51890943,63.51890943,63.51890943,..
Myanmar,MMR,Forest area (% of land area),AG.LND.FRST.ZS,60.00856872,56.68053983,53.35251094,50.999449,48.63760218,44.4677528,43.63110126,..
Myanmar,MMR,Agricultural land (% of land area),AG.LND.AGRI.ZS,15.95617713,15.98983995,16.54374637,17.2385821,19.17460123,19.52134501,19.53818828,..
Namibia,NAM,Forest area (% of land area),AG.LND.FRST.ZS,10.6426654,10.19932223,9.75597906,9.305348055,8.85471705,8.404086045,8.313959607,..
Namibia,NAM,Agricultural land (% of land area),AG.LND.AGRI.ZS,46.96036634,47.15227927,47.15227927,47.15227927,47.13891824,47.13891824,47.13891824,..
Nauru,NRU,Forest area (% of land area),AG.LND.FRST.ZS,0,0,0,0,0,0,0,..
Nauru,NRU,Agricultural land (% of land area),AG.LND.AGRI.ZS,20.0000003,20.0000003,20.0000003,20.0000003,20.0000003,20.0000003,20.0000003,..
Nepal,NPL,Forest area (% of land area),AG.LND.FRST.ZS,33.68531469,30.47902098,27.20613882,25.3644925,25.3644925,25.3644925,25.3644925,..
Nepal,NPL,Agricultural land (% of land area),AG.LND.AGRI.ZS,28.9818175,29.31328535,29.64143772,29.3128706,28.78269969,28.74782002,28.74782002,..
Netherlands,NLD,Forest area (% of land area),AG.LND.FRST.ZS,10.21919431,10.44135071,10.66350711,10.81161137,11.05840498,11.16058178,11.1783914,..
Netherlands,NLD,Agricultural land (% of land area),AG.LND.AGRI.ZS,59.41943128,58.17535545,57.93838863,57.39632557,55.5084509,54.52656575,53.30958741,..
New Caledonia,NCL,Forest area (% of land area),AG.LND.FRST.ZS,45.89715536,45.89715536,45.89715536,45.89715536,45.89715536,45.89715536,45.89715536,..
New Caledonia,NCL,Agricultural land (% of land area),AG.LND.AGRI.ZS,12.69146608,12.74617068,13.40262582,12.58752769,10.86433294,10.07877492,10.07877492,..
New Zealand,NZL,Forest area (% of land area),AG.LND.FRST.ZS,36.67919942,37.59257149,38.50594356,38.67304698,38.55151722,38.55531503,38.55607533,..
New Zealand,NZL,Agricultural land (% of land area),AG.LND.AGRI.ZS,61.45607839,56.87212791,58.53556644,44.47989062,43.32535794,41.16820478,40.45041966,..
Nicaragua,NIC,Forest area (% of land area),AG.LND.FRST.ZS,37.51038724,34.60196111,31.69353498,28.78510886,25.87668273,25.87668273,25.87668273,..
Nicaragua,NIC,Agricultural land (% of land area),AG.LND.AGRI.ZS,33.44690045,37.834469,42.7206249,44.09174007,41.76499917,42.08908094,42.08908094,..
Niger,NER,Forest area (% of land area),AG.LND.FRST.ZS,1.535485908,1.291939686,1.048393463,0.999447383,0.950501303,0.901555222,0.891765987,..
Niger,NER,Agricultural land (% of land area),AG.LND.AGRI.ZS,26.08905029,28.42030473,29.20975764,33.91884424,34.72171785,36.0637878,36.0637878,..
Nigeria,NGA,Forest area (% of land area),AG.LND.FRST.ZS,18.92245023,16.6732545,14.42405876,12.17541201,9.926765265,7.678118515,7.228389058,..
Nigeria,NGA,Agricultural land (% of land area),AG.LND.AGRI.ZS,67.6197064,75.10128792,78.28540685,79.82256772,76.85804319,77.73642083,77.73642083,..
North Macedonia,MKD,Forest area (% of land area),AG.LND.FRST.ZS,35.86315376,36.76759733,37.6720409,38.34054267,39.57176844,39.57176844,39.57176844,..
North Macedonia,MKD,Agricultural land (% of land area),AG.LND.AGRI.ZS,..,50.60951632,48.56468738,48.28942194,44.36954798,50.03965107,50.15860428,..
Northern Mariana Islands,MNP,Forest area (% of land area),AG.LND.FRST.ZS,..,71.28261069,69.47825888,67.69565085,65.91304281,64.13043478,63.78260903,..
Northern Mariana Islands,MNP,Agricultural land (% of land area),AG.LND.AGRI.ZS,..,8.695652174,6.52173913,6.52173913,6.52173913,6.52173913,6.52173913,..
Norway,NOR,Forest area (% of land area),AG.LND.FRST.ZS,33.21615282,33.1901428,33.16413279,33.10663698,33.13401594,33.1723823,33.1778599,..
Norway,NOR,Agricultural land (% of land area),AG.LND.AGRI.ZS,2.672186379,3.085608657,2.852887507,2.836460132,2.754049532,2.700569279,2.694078329,..
Oman,OMN,Forest area (% of land area),AG.LND.FRST.ZS,0.006462036,0.006462036,0.006462036,0.006462036,0.006462036,0.006462036,0.006462036,..
Oman,OMN,Agricultural land (% of land area),AG.LND.AGRI.ZS,3.489499192,3.460420032,3.789983845,4.733441034,4.663004689,4.633279483,4.639741519,..
Pakistan,PAK,Forest area (% of land area),AG.LND.FRST.ZS,3.278071814,3.011493358,2.744914902,2.467310087,2.188408053,1.909506019,1.853725612,..
Pakistan,PAK,Agricultural land (% of land area),AG.LND.AGRI.ZS,45.66988377,46.73360315,47.60533416,46.65447281,45.71658364,46.96191366,47.7947281,..
Palau,PLW,Forest area (% of land area),AG.LND.FRST.ZS,..,84.49999768,86.06521772,87.60869399,87.60869399,87.60869399,87.60869399,..
Palau,PLW,Agricultural land (% of land area),AG.LND.AGRI.ZS,..,10.86956522,10.86956522,10.86956522,10.86956522,10.86956522,10.86956522,..
Panama,PAN,Forest area (% of land area),AG.LND.FRST.ZS,67.79661017,66.6330374,65.46946462,64.32606941,63.20957762,62.10653753,61.88593083,..
Panama,PAN,Agricultural land (% of land area),AG.LND.AGRI.ZS,28.57142857,28.67904224,29.99730966,29.99730966,30.48681588,30.36050578,30.36050578,..
Papua New Guinea,PNG,Forest area (% of land area),AG.LND.FRST.ZS,74.25473656,74.22492603,74.19511549,74.16420086,74.13549441,74.10457978,74.09839513,..
Papua New Guinea,PNG,Agricultural land (% of land area),AG.LND.AGRI.ZS,1.936580842,2.062447556,2.219228901,2.2744336,2.627743674,2.627743674,2.627743674,..
Paraguay,PRY,Forest area (% of land area),AG.LND.FRST.ZS,53.25195067,51.0005034,48.74905613,46.50138434,42.66297508,38.56783287,37.74880345,..
Paraguay,PRY,Agricultural land (% of land area),AG.LND.AGRI.ZS,43.18902592,41.42461616,51.15781525,50.18877423,53.43569091,55.08431915,55.08431915,..
Peru,PER,Forest area (% of land area),AG.LND.FRST.ZS,60.87578125,60.1828125,59.48984375,59.00625,58.44609375,57.79140625,57.66046753,..
Peru,PER,Agricultural land (% of land area),AG.LND.AGRI.ZS,17.059375,17.10078125,18.065625,18.153125,18.76796875,18.2296875,18.50546875,..
Philippines,PHL,Forest area (% of land area),AG.LND.FRST.ZS,21.98410303,22.77559781,23.5670926,23.7247208,22.93993359,26.96448335,27.7693933,..
Philippines,PHL,Agricultural land (% of land area),AG.LND.AGRI.ZS,37.36123688,36.94201295,37.67649328,38.08230204,40.58087668,41.72116578,41.72116578,..
Poland,POL,Forest area (% of land area),AG.LND.FRST.ZS,28.99539652,29.28597081,29.5765451,30.03297098,30.45905707,30.81420033,30.88343903,..
Poland,POL,Agricultural land (% of land area),AG.LND.AGRI.ZS,61.356884,60.79858957,60.11622972,51.92439526,47.17578686,46.9349097,46.94470753,..
Portugal,PRT,Forest area (% of land area),AG.LND.FRST.ZS,37.55191257,37.04371585,36.53551913,36.03367224,35.36412272,34.73586931,34.61142383,..
Portugal,PRT,Agricultural land (% of land area),AG.LND.AGRI.ZS,43.31147541,42.8852459,43.2391244,41.80091865,39.89704031,40.33465264,39.4529404,..
Puerto Rico,PRI,Forest area (% of land area),AG.LND.FRST.ZS,32.35625705,41.55016773,50.74295336,52.18376495,54.04847843,55.91319191,56.28635961,..
Puerto Rico,PRI,Agricultural land (% of land area),AG.LND.AGRI.ZS,49.04171364,34.83652762,27.86922175,22.66065389,21.83765467,22.28861296,22.28861296,..
Qatar,QAT,Forest area (% of land area),AG.LND.FRST.ZS,0,0,0,0,0,0,0,..
Qatar,QAT,Agricultural land (% of land area),AG.LND.AGRI.ZS,5.254091301,5.598621878,5.684754522,5.529715499,5.727820844,5.839793545,5.770887166,..
Romania,ROU,Forest area (% of land area),AG.LND.FRST.ZS,27.77850447,27.75066452,27.7132036,27.78937299,28.31993045,29.82006259,30.12082839,..
Romania,ROU,Agricultural land (% of land area),AG.LND.AGRI.ZS,64.39502943,64.47775502,64.67720169,61.65753544,61.53444903,60.23122392,58.76651599,..
Russian Federation,RUS,Forest area (% of land area),AG.LND.FRST.ZS,49.35646539,49.40105111,49.40184991,49.37248915,49.77359074,49.76106545,49.75856192,..
Russian Federation,RUS,Agricultural land (% of land area),AG.LND.AGRI.ZS,..,13.21253995,13.25666887,13.16615989,13.06427907,13.29447034,13.29447034,..
Rwanda,RWA,Forest area (% of land area),AG.LND.FRST.ZS,12.89014998,13.4171058,13.94406161,15.60599919,18.07863802,19.45683016,19.73246809,..
Rwanda,RWA,Agricultural land (% of land area),AG.LND.AGRI.ZS,76.16538306,60.1945683,67.69355493,72.26996451,73.12201232,73.43737135,73.43737135,..
Samoa,WSM,Forest area (% of land area),AG.LND.FRST.ZS,45.93639576,53.18021201,60.42402827,60.42402827,60.42402827,60.42402827,60.42402827,..
Samoa,WSM,Agricultural land (% of land area),AG.LND.AGRI.ZS,19.08127208,18.02120141,16.96113074,14.8409894,12.36749117,12.36749117,12.36749117,..
San Marino,SMR,Forest area (% of land area),AG.LND.FRST.ZS,0,0,0,0,0,0,0,..
San Marino,SMR,Agricultural land (% of land area),AG.LND.AGRI.ZS,16.66666667,16.66666667,16.66666667,16.66666667,16.66666667,16.66666667,16.66666667,..
Sao Tome and Principe,STP,Forest area (% of land area),AG.LND.FRST.ZS,58.33333333,58.33333333,58.33333333,58.33333333,55.83333174,55.83333174,55.83333174,..
Sao Tome and Principe,STP,Agricultural land (% of land area),AG.LND.AGRI.ZS,43.75,46.875,51.04166667,51.04166667,50.52083333,50.72916746,50.72916746,..
Saudi Arabia,SAU,Forest area (% of land area),AG.LND.FRST.ZS,0.454484135,0.454484135,0.454484135,0.454484135,0.454484135,0.454484135,0.454484135,..
Saudi Arabia,SAU,Agricultural land (% of land area),AG.LND.AGRI.ZS,57.44130549,67.35157162,80.84188883,80.81025636,80.66558434,80.77230031,80.76466839,..
Senegal,SEN,Forest area (% of land area),AG.LND.FRST.ZS,48.55347219,47.38482314,46.2161741,45.04752506,44.00872591,42.96992676,42.76216694,..
Senegal,SEN,Agricultural land (% of land area),AG.LND.AGRI.ZS,46.06554823,45.78507246,46.88619955,45.58250662,49.12481172,46.06035423,46.06035423,..
Serbia,SRB,Forest area (% of land area),AG.LND.FRST.ZS,28.31008461,28.31008461,28.31008461,28.31008461,31.01989481,31.0999314,31.1159376,..
Serbia,SRB,Agricultural land (% of land area),AG.LND.AGRI.ZS,..,..,..,..,40.26526524,39.65812943,39.33226618,..
Seychelles,SYC,Forest area (% of land area),AG.LND.FRST.ZS,88.4130395,88.4130395,88.4130395,88.4130395,88.4130395,88.4130395,88.4130395,..
Seychelles,SYC,Agricultural land (% of land area),AG.LND.AGRI.ZS,8.695652174,8.695652174,8.695652174,8.695652174,5.217391512,3.369565114,3.369565114,..
Sierra Leone,SLE,Forest area (% of land area),AG.LND.FRST.ZS,43.19756165,41.83984483,40.48212801,39.12441119,37.76669438,42.17234691,43.05347877,..
Sierra Leone,SLE,Agricultural land (% of land area),AG.LND.AGRI.ZS,39.13826545,38.93045165,38.93045165,52.81269077,54.45247829,54.71044611,54.71044611,..
Singapore,SGP,Forest area (% of land area),AG.LND.FRST.ZS,24.40298564,24.40298564,24.40298564,23.73004357,23.29059985,23.06064884,23.06064884,..
Singapore,SGP,Agricultural land (% of land area),AG.LND.AGRI.ZS,2.985074627,1.791044847,1.791044847,1.103047857,1.054131114,0.930888592,0.930888592,..
Sint Maarten (Dutch part),SXM,Forest area (% of land area),AG.LND.FRST.ZS,..,..,..,..,..,..,..,..
Sint Maarten (Dutch part),SXM,Agricultural land (% of land area),AG.LND.AGRI.ZS,..,..,..,..,..,..,..,..
Slovak Republic,SVK,Forest area (% of land area),AG.LND.FRST.ZS,39.95841996,39.94802495,39.93762994,40.16632017,40.31939366,40.34773764,40.35357636,..
Slovak Republic,SVK,Agricultural land (% of land area),AG.LND.AGRI.ZS,..,50.85239085,50.72765073,40.35343035,40.43791794,39.27873006,39.22628952,..
Slovenia,SVN,Forest area (% of land area),AG.LND.FRST.ZS,58.98709037,60.10427011,61.22144985,61.71797418,61.89752921,61.95823746,61.97001199,..
Slovenia,SVN,Agricultural land (% of land area),AG.LND.AGRI.ZS,..,26.71300894,25.71996028,25.27308838,30.96663325,30.60627661,30.65633976,..
Solomon Islands,SLB,Forest area (% of land area),AG.LND.FRST.ZS,83.02965345,82.02929618,81.02893891,80.06430868,79.06395141,78.06359414,77.8635192,..
Solomon Islands,SLB,Agricultural land (% of land area),AG.LND.AGRI.ZS,2.429439085,2.608074312,2.715255448,3.179707038,3.822793855,3.8585209,3.8585209,..
Somalia,SOM,Forest area (% of land area),AG.LND.FRST.ZS,13.20177256,12.59046131,11.97915006,11.3670418,10.75493353,10.14282526,10.02040392,..
Somalia,SOM,Agricultural land (% of land area),AG.LND.AGRI.ZS,70.2043549,70.22667134,70.24420569,70.7383556,70.34144164,70.33665955,70.33665955,..
South Africa,ZAF,Forest area (% of land area),AG.LND.FRST.ZS,7.617736524,7.617736524,7.617736524,7.617736524,7.617736524,7.617736524,7.617736524,..
South Africa,ZAF,Agricultural land (% of land area),AG.LND.AGRI.ZS,78.80701349,80.38974849,80.88847489,80.35924787,79.87123791,79.83002086,79.83002086,..
South Sudan,SSD,Forest area (% of land area),AG.LND.FRST.ZS,..,..,..,..,..,..,..,..
South Sudan,SSD,Agricultural land (% of land area),AG.LND.AGRI.ZS,..,..,..,..,..,..,..,..
Spain,ESP,Forest area (% of land area),AG.LND.FRST.ZS,27.64994841,30.82095893,34.02192275,34.62720119,36.49366856,36.8607287,36.93620953,..
Spain,ESP,Agricultural land (% of land area),AG.LND.AGRI.ZS,61.01233381,59.5046452,59.65130261,58.43435052,55.08889822,53.18906052,52.57724744,..
Sri Lanka,LKA,Forest area (% of land area),AG.LND.FRST.ZS,36.42162335,35.68808802,34.9545527,33.77451762,33.53532132,33.00908946,32.90384153,..
Sri Lanka,LKA,Agricultural land (% of land area),AG.LND.AGRI.ZS,37.29867645,37.09137299,37.47408707,40.02551427,41.77962048,43.69319088,43.69319088,..
St. Kitts and Nevis,KNA,Forest area (% of land area),AG.LND.FRST.ZS,42.30769231,42.30769231,42.30769231,42.30769231,42.30769231,42.30769231,42.30769231,..
St. Kitts and Nevis,KNA,Agricultural land (% of land area),AG.LND.AGRI.ZS,46.15384615,38.46153846,36.53846154,19.23076923,21.92307619,23.07692308,23.07692308,..
St. Lucia,LCA,Forest area (% of land area),AG.LND.FRST.ZS,35.73770367,35.24590164,34.75409961,34.26229446,33.77049243,33.27868727,33.18032749,..
St. Lucia,LCA,Agricultural land (% of land area),AG.LND.AGRI.ZS,34.26229446,29.50819672,23.27868821,17.86885183,17.37704981,17.37704981,17.37704981,..
St. Martin (French part),MAF,Forest area (% of land area),AG.LND.FRST.ZS,18.38235294,18.38235294,18.38235294,18.38235294,18.38235294,18.38235294,..,..
St. Martin (French part),MAF,Agricultural land (% of land area),AG.LND.AGRI.ZS,..,..,..,..,..,..,..,..
St. Vincent and the Grenadines,VCT,Forest area (% of land area),AG.LND.FRST.ZS,64.1025641,65.38461538,66.66666667,66.66666667,69.23076923,69.23076923,69.23076923,..
St. Vincent and the Grenadines,VCT,Agricultural land (% of land area),AG.LND.AGRI.ZS,30.76923077,30.76923077,25.64102564,25.64102564,25.64102564,25.64102564,25.64102564,..
Sudan,SDN,Forest area (% of land area),AG.LND.FRST.ZS,..,..,..,..,..,..,..,..
Sudan,SDN,Agricultural land (% of land area),AG.LND.AGRI.ZS,..,..,..,..,..,..,..,..
Suriname,SUR,Forest area (% of land area),AG.LND.FRST.ZS,98.91025641,98.78525641,98.66025641,98.53205128,98.40384615,98.28205128,98.25769356,..
Suriname,SUR,Agricultural land (% of land area),AG.LND.AGRI.ZS,0.564102564,0.570512821,0.564102564,0.466666686,0.501923096,0.557692308,0.557692308,..
Sweden,SWE,Forest area (% of land area),AG.LND.FRST.ZS,68.38962811,68.51147829,68.63332846,68.76736365,68.41399815,68.92293339,68.92293339,..
Sweden,SWE,Agricultural land (% of land area),AG.LND.AGRI.ZS,8.317492811,7.961690306,7.683871911,7.837403129,7.518155676,7.463111755,7.442734036,..
Switzerland,CHE,Forest area (% of land area),AG.LND.FRST.ZS,29.11786355,29.66176804,30.20949371,30.79609254,31.2531625,31.73398039,31.8301452,..
Switzerland,CHE,Agricultural land (% of land area),AG.LND.AGRI.ZS,40.62080981,40.02378038,39.62149678,39.22263224,38.83490074,38.43835449,38.36344603,..
Syrian Arab Republic,SYR,Forest area (% of land area),AG.LND.FRST.ZS,2.024159321,2.187397976,2.350636631,2.51130359,2.673855035,2.673855035,2.673855035,..
Syrian Arab Republic,SYR,Agricultural land (% of land area),AG.LND.AGRI.ZS,73.43018827,75.02992709,74.60550658,75.32821267,75.73925829,75.81005282,75.81005282,..
Tajikistan,TJK,Forest area (% of land area),AG.LND.FRST.ZS,2.915118605,2.922263504,2.929408402,2.929408402,2.929408402,2.968513582,2.97139559,..
Tajikistan,TJK,Agricultural land (% of land area),AG.LND.AGRI.ZS,..,32.73792512,32.67362103,33.38096599,33.97899539,34.13790619,34.13790619,..
Tanzania,TZA,Forest area (% of land area),AG.LND.FRST.ZS,63.12937458,60.87152856,58.61368255,56.35583653,54.09799052,51.99819372,51.57823436,..
Tanzania,TZA,Agricultural land (% of land area),AG.LND.AGRI.ZS,36.12553624,37.48024385,38.38338225,39.91871754,42.27816663,44.76179725,44.76179725,..
Thailand,THA,Forest area (% of land area),AG.LND.FRST.ZS,27.41294604,30.35487091,33.29679579,31.51363307,31.80528098,32.09888626,32.15760731,..
Thailand,THA,Agricultural land (% of land area),AG.LND.AGRI.ZS,41.85441093,41.51578618,38.8224471,38.38399656,41.2221809,43.27741784,43.27741784,..
Timor-Leste,TLS,Forest area (% of land area),AG.LND.FRST.ZS,64.96301278,61.19704102,57.43106927,53.66509751,49.89912576,46.133154,45.37995883,..
Timor-Leste,TLS,Agricultural land (% of land area),AG.LND.AGRI.ZS,21.38533961,22.86482851,22.66308003,25.89105582,25.01681237,25.55480834,25.55480834,..
Togo,TGO,Forest area (% of land area),AG.LND.FRST.ZS,12.59422688,10.76484648,8.935466078,7.096892811,5.276705277,3.456517742,3.092480179,..
Togo,TGO,Agricultural land (% of land area),AG.LND.AGRI.ZS,58.65048722,60.67291782,66.7402096,59.75363118,67.38371024,70.2334988,70.2334988,..
Tonga,TON,Forest area (% of land area),AG.LND.FRST.ZS,12.5,12.5,12.5,12.5,12.5,12.5,12.5,..
Tonga,TON,Agricultural land (% of land area),AG.LND.AGRI.ZS,44.44444444,45.83333333,41.66666667,41.66666667,44.44444444,45.83333333,45.83333333,..
Trinidad and Tobago,TTO,Forest area (% of land area),AG.LND.FRST.ZS,46.92007738,46.22806899,45.53606357,44.83430799,44.13255242,45.70760151,46.023393,..
Trinidad and Tobago,TTO,Agricultural land (% of land area),AG.LND.AGRI.ZS,15.00974659,14.81481481,13.06042885,10.52631579,10.52631579,10.52631579,10.52631579,..
Tunisia,TUN,Forest area (% of land area),AG.LND.FRST.ZS,4.138774459,4.763130793,5.387487127,5.889546859,6.372296601,6.700566426,6.766220077,..
Tunisia,TUN,Agricultural land (% of land area),AG.LND.AGRI.ZS,55.63851699,60.16992791,61.47657055,63.23377961,64.61122554,64.83650875,64.83650875,..
Turkey,TUR,Forest area (% of land area),AG.LND.FRST.ZS,12.5021114,12.86657225,13.23103309,13.85341008,14.55634526,15.22159999,15.35465144,..
Turkey,TUR,Agricultural land (% of land area),AG.LND.AGRI.ZS,51.55334381,51.31426789,52.59540299,53.56210127,50.68929226,50.0838065,49.79925419,..
Turkmenistan,TKM,Forest area (% of land area),AG.LND.FRST.ZS,8.782159045,8.782159045,8.782159045,8.782159045,8.782159045,8.782159045,8.782159045,..
Turkmenistan,TKM,Agricultural land (% of land area),AG.LND.AGRI.ZS,..,75.543166,75.543166,74.22382057,72.35120124,72.00646905,72.00646905,..
Turks and Caicos Islands,TCA,Forest area (% of land area),AG.LND.FRST.ZS,36.21052792,36.21052792,36.21052792,36.21052792,36.21052792,36.21052792,36.21052792,..
Turks and Caicos Islands,TCA,Agricultural land (% of land area),AG.LND.AGRI.ZS,1.052631579,1.052631579,1.052631579,1.052631579,1.052631579,1.052631579,1.052631579,..
Tuvalu,TUV,Forest area (% of land area),AG.LND.FRST.ZS,33.33333333,33.33333333,33.33333333,33.33333333,33.33333333,33.33333333,33.33333333,..
Tuvalu,TUV,Agricultural land (% of land area),AG.LND.AGRI.ZS,66.66666667,66.66666667,66.66666667,56.66666826,59.99999841,59.99999841,59.99999841,..
Uganda,UGA,Forest area (% of land area),AG.LND.FRST.ZS,23.77758871,21.57049197,19.36339523,17.16130324,13.72930381,10.35806902,9.683822306,..
Uganda,UGA,Agricultural land (% of land area),AG.LND.AGRI.ZS,59.86687353,60.66763425,62.61948851,66.3730544,71.14003591,71.88809096,71.88809096,..
Ukraine,UKR,Forest area (% of land area),AG.LND.FRST.ZS,16.00759472,16.21127125,16.41494779,16.52628672,16.48139198,16.67040688,16.70803881,..
Ukraine,UKR,Agricultural land (% of land area),AG.LND.AGRI.ZS,..,72.24130491,71.46975058,71.28999965,71.23351516,71.65323068,71.66531444,..
United Arab Emirates,ARE,Forest area (% of land area),AG.LND.FRST.ZS,3.44973247,3.907350042,4.364967615,4.393128696,4.46775539,4.542382513,4.557307852,..
United Arab Emirates,ARE,Agricultural land (% of land area),AG.LND.AGRI.ZS,4.012954097,5.392847085,7.772458462,7.913263869,5.594198645,5.460433509,5.474514049,..
United Kingdom,GBR,Forest area (% of land area),AG.LND.FRST.ZS,11.48266027,11.84640185,12.21014343,12.48708304,12.64415327,12.99549456,13.06576282,..
United Kingdom,GBR,Agricultural land (% of land area),AG.LND.AGRI.ZS,75.24077212,71.83482826,70.11945604,70.08638862,71.19414707,70.83867234,71.71487814,..
United States,USA,Forest area (% of land area),AG.LND.FRST.ZS,33.02230821,33.08159442,33.13017359,33.2634426,33.74940694,33.89972254,33.92978567,..
United States,USA,Agricultural land (% of land area),AG.LND.AGRI.ZS,46.61533624,45.87191122,45.23058486,44.94516433,44.64933145,44.369068,44.369068,..
Uruguay,URY,Forest area (% of land area),AG.LND.FRST.ZS,4.55833612,6.192149469,7.825962468,8.695006564,9.89201262,10.54165238,10.67158034,..
Uruguay,URY,Agricultural land (% of land area),AG.LND.AGRI.ZS,85.2302594,85.35024569,85.46451834,84.74460062,82.46486116,82.55970523,82.55970523,..
Uzbekistan,UZB,Forest area (% of land area),AG.LND.FRST.ZS,7.15796897,7.354254819,7.550540668,7.745651152,7.699811942,7.569111195,7.54297139,..
Uzbekistan,UZB,Agricultural land (% of land area),AG.LND.AGRI.ZS,..,64.98589563,64.23366244,62.85848613,62.69393512,62.92900799,62.92900799,..
Vanuatu,VUT,Forest area (% of land area),AG.LND.FRST.ZS,36.09515997,36.09515997,36.09515997,36.09515997,36.09515997,36.09515997,36.09515997,..
Vanuatu,VUT,Agricultural land (% of land area),AG.LND.AGRI.ZS,12.46923708,13.53568499,14.35602953,15.01230517,15.34044299,15.34044299,15.34044299,..
"Venezuela, RB",VEN,Forest area (% of land area),AG.LND.FRST.ZS,58.98305085,57.35332464,55.72359844,54.09330537,53.85749107,52.92557111,52.73918889,..
"Venezuela, RB",VEN,Agricultural land (% of land area),AG.LND.AGRI.ZS,24.78317556,24.51108214,24.52808798,24.48273907,24.48840769,24.48840769,24.48840769,..
Vietnam,VNM,Forest area (% of land area),AG.LND.FRST.ZS,28.7658607,32.39730867,37.70012216,42.17434773,45.56390492,47.64408037,48.06011546,..
Vietnam,VNM,Agricultural land (% of land area),AG.LND.AGRI.ZS,20.66422932,21.74874804,28.22606571,32.42525755,34.70216277,39.25565195,39.27500242,..
Virgin Islands (U.S.),VIR,Forest area (% of land area),AG.LND.FRST.ZS,67.37142835,62.91428702,58.48571232,53.51428441,51.88571385,50.28571538,49.97142792,..
Virgin Islands (U.S.),VIR,Agricultural land (% of land area),AG.LND.AGRI.ZS,28.57142857,22.85714286,20,17.14285714,11.42857143,11.42857143,11.42857143,..
West Bank and Gaza,PSE,Forest area (% of land area),AG.LND.FRST.ZS,1.508305635,1.508305635,1.508305635,1.523255827,1.523255827,1.523255827,1.523255827,..
West Bank and Gaza,PSE,Agricultural land (% of land area),AG.LND.AGRI.ZS,62.2923588,62.45847176,61.79401993,60.43189166,41.17940098,49.32226137,49.32226137,..
"Yemen, Rep.",YEM,Forest area (% of land area),AG.LND.FRST.ZS,1.039831809,1.039831809,1.039831809,1.039831809,1.039831809,1.039831809,1.039831809,..
"Yemen, Rep.",YEM,Agricultural land (% of land area),AG.LND.AGRI.ZS,44.74875466,44.95709984,44.83019869,44.55366782,44.65973445,44.5972309,44.5972309,..
Zambia,ZMB,Forest area (% of land area),AG.LND.FRST.ZS,71.0259756,69.90543322,68.78489084,67.66434846,66.54380608,65.4232637,65.19915312,..
Zambia,ZMB,Agricultural land (% of land area),AG.LND.AGRI.ZS,27.99472686,28.8650641,30.26406059,30.61919047,31.52584781,32.06392338,32.06392338,..
Zimbabwe,ZWE,Forest area (% of land area),AG.LND.FRST.ZS,57.29352462,53.06708026,48.84063591,44.61419155,40.38774719,36.35000646,35.54245731,..
Zimbabwe,ZWE,Agricultural land (% of land area),AG.LND.AGRI.ZS,33.63060618,35.82784025,38.92981776,41.61819827,41.87669639,41.87669639,41.87669639,..
